-- Medical School Test Data
-- Generated test data for all tables
-- Generated on: 2025-11-12 18:04:45


-- Insert data into students
INSERT INTO students (student_id, name, gender, date_of_birth, id_card_number, phone, email, admission_date, graduation_date, status) VALUES ('S2020000', '孙涛', 'F', '1998-08-05', '521267199610187254', '14457036016', 'student0@qq.com', '2022-06-14', '2022-01-18', 'Graduated');
INSERT INTO students (student_id, name, gender, date_of_birth, id_card_number, phone, email, admission_date, graduation_date, status) VALUES ('S2020001', '高明', 'M', '1998-05-22', '417951199909077250', '14446796804', 'student1@outlook.com', '2023-03-16', NULL, 'Suspended');
INSERT INTO students (student_id, name, gender, date_of_birth, id_card_number, phone, email, admission_date, graduation_date, status) VALUES ('S2020002', '赵丽', 'F', '2000-10-29', '212282200109274438', '13932047938', 'student2@163.com', '2020-01-02', '2023-04-20', 'Suspended');
INSERT INTO students (student_id, name, gender, date_of_birth, id_card_number, phone, email, admission_date, graduation_date, status) VALUES ('S2020003', '刘强秀兰', 'M', '2005-01-05', '792393200505136627', '18171976342', 'student3@163.com', '2021-03-18', NULL, 'Withdrawn');
INSERT INTO students (student_id, name, gender, date_of_birth, id_card_number, phone, email, admission_date, graduation_date, status) VALUES ('S2020004', '刘静', 'M', '1999-06-24', '111966200510255095', '18362707650', 'student4@qq.com', '2018-08-31', NULL, 'Active');
INSERT INTO students (student_id, name, gender, date_of_birth, id_card_number, phone, email, admission_date, graduation_date, status) VALUES ('S2020005', '王敏', 'M', '2002-08-12', '959082199810114638', '17836976445', 'student5@qq.com', '2020-11-27', NULL, 'Withdrawn');
INSERT INTO students (student_id, name, gender, date_of_birth, id_card_number, phone, email, admission_date, graduation_date, status) VALUES ('S2020006', '张秀兰洋', 'M', '1997-12-21', '706423200302206263', '16438714237', 'student6@gmail.com', '2018-03-30', NULL, 'Graduated');
INSERT INTO students (student_id, name, gender, date_of_birth, id_card_number, phone, email, admission_date, graduation_date, status) VALUES ('S2020007', '吴艳', 'F', '2003-12-16', '779944199706298533', '17403155090', 'student7@outlook.com', '2023-03-20', NULL, 'Active');
INSERT INTO students (student_id, name, gender, date_of_birth, id_card_number, phone, email, admission_date, graduation_date, status) VALUES ('S2020008', '马霞', 'M', '2001-08-17', '409010200111251831', '15881101438', 'student8@outlook.com', '2021-03-05', '2022-03-16', 'Suspended');
INSERT INTO students (student_id, name, gender, date_of_birth, id_card_number, phone, email, admission_date, graduation_date, status) VALUES ('S2020009', '黄超明', 'M', '2003-10-23', '929919200403067933', '15866456192', 'student9@qq.com', '2023-07-24', NULL, 'Active');
INSERT INTO students (student_id, name, gender, date_of_birth, id_card_number, phone, email, admission_date, graduation_date, status) VALUES ('S2020010', '高敏', 'F', '2004-04-29', '655953199710213297', '16357866168', 'student10@163.com', '2019-06-13', NULL, 'Graduated');
INSERT INTO students (student_id, name, gender, date_of_birth, id_card_number, phone, email, admission_date, graduation_date, status) VALUES ('S2020011', '罗涛洋', 'M', '1999-05-16', '777755200506283448', '18154820241', 'student11@qq.com', '2021-05-08', '2023-05-28', 'Active');
INSERT INTO students (student_id, name, gender, date_of_birth, id_card_number, phone, email, admission_date, graduation_date, status) VALUES ('S2020012', '马霞', 'F', '2001-01-01', '974235199609199154', '14679943546', 'student12@gmail.com', '2021-09-03', NULL, 'Active');
INSERT INTO students (student_id, name, gender, date_of_birth, id_card_number, phone, email, admission_date, graduation_date, status) VALUES ('S2020013', '吴涛', 'F', '2000-02-01', '835341200109109840', '14850098083', 'student13@outlook.com', '2021-04-27', NULL, 'Graduated');
INSERT INTO students (student_id, name, gender, date_of_birth, id_card_number, phone, email, admission_date, graduation_date, status) VALUES ('S2020014', '徐强', 'F', '2004-10-25', '633517200003318994', '16304547971', 'student14@163.com', '2023-05-26', NULL, 'Suspended');
INSERT INTO students (student_id, name, gender, date_of_birth, id_card_number, phone, email, admission_date, graduation_date, status) VALUES ('S2020015', '杨明丽', 'F', '1995-01-04', '784304200107312392', '13203974716', 'student15@163.com', '2019-05-29', '2022-03-07', 'Withdrawn');
INSERT INTO students (student_id, name, gender, date_of_birth, id_card_number, phone, email, admission_date, graduation_date, status) VALUES ('S2020016', '杨平超', 'M', '2005-10-29', '833441200205182194', '19426715764', 'student16@gmail.com', '2021-01-22', NULL, 'Active');
INSERT INTO students (student_id, name, gender, date_of_birth, id_card_number, phone, email, admission_date, graduation_date, status) VALUES ('S2020017', '刘秀兰洋', 'M', '2001-02-23', '233849199911038728', '15851057711', 'student17@163.com', '2020-01-27', NULL, 'Suspended');
INSERT INTO students (student_id, name, gender, date_of_birth, id_card_number, phone, email, admission_date, graduation_date, status) VALUES ('S2020018', '杨丽敏', 'M', '2004-04-12', '654877199511159447', '19176750363', 'student18@qq.com', '2019-10-16', NULL, 'Graduated');
INSERT INTO students (student_id, name, gender, date_of_birth, id_card_number, phone, email, admission_date, graduation_date, status) VALUES ('S2020019', '郭军', 'M', '2000-06-07', '254903200407259716', '19629811658', 'student19@outlook.com', '2020-05-21', '2023-12-21', 'Withdrawn');
INSERT INTO students (student_id, name, gender, date_of_birth, id_card_number, phone, email, admission_date, graduation_date, status) VALUES ('S2020020', '刘勇秀兰', 'F', '2002-05-03', '393182200303197585', '16454599436', 'student20@outlook.com', '2021-07-06', NULL, 'Graduated');
INSERT INTO students (student_id, name, gender, date_of_birth, id_card_number, phone, email, admission_date, graduation_date, status) VALUES ('S2020021', '胡军', 'F', '2003-01-22', '489371199811199940', '13952028684', 'student21@outlook.com', '2021-06-14', NULL, 'Suspended');
INSERT INTO students (student_id, name, gender, date_of_birth, id_card_number, phone, email, admission_date, graduation_date, status) VALUES ('S2020022', '何洋', 'F', '2004-11-19', '467849200201157853', '15492822093', 'student22@gmail.com', '2022-05-08', '2024-07-14', 'Withdrawn');
INSERT INTO students (student_id, name, gender, date_of_birth, id_card_number, phone, email, admission_date, graduation_date, status) VALUES ('S2020023', '郭芳娜', 'M', '1999-08-09', '926794199711273920', '15939891559', 'student23@gmail.com', '2021-11-22', NULL, 'Suspended');
INSERT INTO students (student_id, name, gender, date_of_birth, id_card_number, phone, email, admission_date, graduation_date, status) VALUES ('S2020024', '朱丽', 'M', '2000-08-03', '279177199706223279', '13848098270', 'student24@qq.com', '2019-11-26', '2024-05-02', 'Withdrawn');
INSERT INTO students (student_id, name, gender, date_of_birth, id_card_number, phone, email, admission_date, graduation_date, status) VALUES ('S2020025', '刘明', 'F', '2005-07-04', '504905199701055544', '17115139903', 'student25@gmail.com', '2022-10-01', NULL, 'Active');
INSERT INTO students (student_id, name, gender, date_of_birth, id_card_number, phone, email, admission_date, graduation_date, status) VALUES ('S2020026', '罗磊洋', 'M', '1999-01-18', '914217200107233244', '15483193332', 'student26@qq.com', '2019-03-02', NULL, 'Active');
INSERT INTO students (student_id, name, gender, date_of_birth, id_card_number, phone, email, admission_date, graduation_date, status) VALUES ('S2020027', '罗伟', 'F', '2002-11-01', '599745200508208963', '14525520413', 'student27@gmail.com', '2018-01-23', NULL, 'Withdrawn');
INSERT INTO students (student_id, name, gender, date_of_birth, id_card_number, phone, email, admission_date, graduation_date, status) VALUES ('S2020028', '高芳', 'M', '1999-05-28', '802111200411291853', '19842817233', 'student28@outlook.com', '2020-10-28', NULL, 'Active');
INSERT INTO students (student_id, name, gender, date_of_birth, id_card_number, phone, email, admission_date, graduation_date, status) VALUES ('S2020029', '李涛', 'F', '1997-11-25', '719751199602018825', '18297744190', 'student29@outlook.com', '2022-09-08', NULL, 'Graduated');
INSERT INTO students (student_id, name, gender, date_of_birth, id_card_number, phone, email, admission_date, graduation_date, status) VALUES ('S2020030', '李勇', 'F', '2004-04-21', '151056199611252071', '18971498269', 'student30@outlook.com', '2021-02-19', '2022-06-25', 'Withdrawn');
INSERT INTO students (student_id, name, gender, date_of_birth, id_card_number, phone, email, admission_date, graduation_date, status) VALUES ('S2020031', '郭芳杰', 'F', '1999-03-05', '969331200211202612', '19686551358', 'student31@qq.com', '2021-11-13', NULL, 'Graduated');
INSERT INTO students (student_id, name, gender, date_of_birth, id_card_number, phone, email, admission_date, graduation_date, status) VALUES ('S2020032', '杨娜伟', 'M', '1996-03-13', '824260200301274938', '15810548537', 'student32@qq.com', '2020-08-25', NULL, 'Withdrawn');
INSERT INTO students (student_id, name, gender, date_of_birth, id_card_number, phone, email, admission_date, graduation_date, status) VALUES ('S2020033', '吴霞', 'F', '2004-11-06', '505132200205126735', '19423669776', 'student33@163.com', '2021-07-29', NULL, 'Graduated');
INSERT INTO students (student_id, name, gender, date_of_birth, id_card_number, phone, email, admission_date, graduation_date, status) VALUES ('S2020034', '马勇敏', 'F', '2002-10-06', '252651199809075064', '13491172647', 'student34@163.com', '2023-04-28', '2023-09-04', 'Active');
INSERT INTO students (student_id, name, gender, date_of_birth, id_card_number, phone, email, admission_date, graduation_date, status) VALUES ('S2020035', '胡丽静', 'M', '1997-02-04', '554369200501143578', '19638387260', 'student35@outlook.com', '2020-03-08', NULL, 'Active');
INSERT INTO students (student_id, name, gender, date_of_birth, id_card_number, phone, email, admission_date, graduation_date, status) VALUES ('S2020036', '胡超', 'M', '2001-08-27', '375916200407139679', '13572619213', 'student36@163.com', '2021-10-13', '2022-03-03', 'Suspended');
INSERT INTO students (student_id, name, gender, date_of_birth, id_card_number, phone, email, admission_date, graduation_date, status) VALUES ('S2020037', '李军', 'F', '1996-03-31', '349062199503127415', '19714123760', 'student37@qq.com', '2020-02-23', NULL, 'Suspended');
INSERT INTO students (student_id, name, gender, date_of_birth, id_card_number, phone, email, admission_date, graduation_date, status) VALUES ('S2020038', '杨静', 'M', '1995-10-05', '348308199507069353', '13203083594', 'student38@qq.com', '2023-01-08', NULL, 'Active');
INSERT INTO students (student_id, name, gender, date_of_birth, id_card_number, phone, email, admission_date, graduation_date, status) VALUES ('S2020039', '张平', 'M', '1997-08-23', '296087200406128184', '14194074780', 'student39@qq.com', '2021-12-06', NULL, 'Active');
INSERT INTO students (student_id, name, gender, date_of_birth, id_card_number, phone, email, admission_date, graduation_date, status) VALUES ('S2020040', '刘军', 'M', '2004-07-08', '588865199812154378', '19102810397', 'student40@gmail.com', '2020-08-30', '2023-11-26', 'Suspended');
INSERT INTO students (student_id, name, gender, date_of_birth, id_card_number, phone, email, admission_date, graduation_date, status) VALUES ('S2020041', '黄磊平', 'M', '1995-04-17', '244296199708019152', '17322099197', 'student41@163.com', '2020-05-20', NULL, 'Graduated');
INSERT INTO students (student_id, name, gender, date_of_birth, id_card_number, phone, email, admission_date, graduation_date, status) VALUES ('S2020042', '吴平杰', 'F', '1995-05-21', '635314199707038987', '13434462174', 'student42@gmail.com', '2018-10-19', NULL, 'Suspended');
INSERT INTO students (student_id, name, gender, date_of_birth, id_card_number, phone, email, admission_date, graduation_date, status) VALUES ('S2020043', '孙明芳', 'F', '1997-12-28', '403518199609193017', '16556183706', 'student43@qq.com', '2022-10-27', NULL, 'Withdrawn');
INSERT INTO students (student_id, name, gender, date_of_birth, id_card_number, phone, email, admission_date, graduation_date, status) VALUES ('S2020044', '何明', 'F', '1999-01-16', '660456199801113554', '14651172489', 'student44@outlook.com', '2022-01-17', '2023-07-24', 'Active');
INSERT INTO students (student_id, name, gender, date_of_birth, id_card_number, phone, email, admission_date, graduation_date, status) VALUES ('S2020045', '周娜', 'M', '1997-10-09', '716518200406213061', '17644076895', 'student45@outlook.com', '2018-03-11', '2024-09-26', 'Graduated');
INSERT INTO students (student_id, name, gender, date_of_birth, id_card_number, phone, email, admission_date, graduation_date, status) VALUES ('S2020046', '马丽', 'M', '2005-09-05', '322297199812199740', '19420538103', 'student46@qq.com', '2023-08-18', '2022-08-11', 'Active');
INSERT INTO students (student_id, name, gender, date_of_birth, id_card_number, phone, email, admission_date, graduation_date, status) VALUES ('S2020047', '黄明', 'F', '2002-05-28', '418325200504037363', '14443370652', 'student47@qq.com', '2018-10-14', NULL, 'Suspended');
INSERT INTO students (student_id, name, gender, date_of_birth, id_card_number, phone, email, admission_date, graduation_date, status) VALUES ('S2020048', '黄艳磊', 'M', '1998-09-19', '527984200304263688', '17199734507', 'student48@gmail.com', '2021-12-18', NULL, 'Active');
INSERT INTO students (student_id, name, gender, date_of_birth, id_card_number, phone, email, admission_date, graduation_date, status) VALUES ('S2020049', '郭杰强', 'F', '2000-11-01', '428950199908277785', '18644958134', 'student49@gmail.com', '2023-05-25', NULL, 'Active');

-- Insert data into departments
INSERT INTO departments (department_id, department_name, head_faculty_id, building, phone, email, established_date) VALUES ('DEPT001', '基础医学系', 'F018', 'Building A', '18257254683', 'dept0@gmail.com', '1993-07-19');
INSERT INTO departments (department_id, department_name, head_faculty_id, building, phone, email, established_date) VALUES ('DEPT002', '临床医学系', 'F023', 'Building B', '19378496762', 'dept1@qq.com', '2007-11-23');
INSERT INTO departments (department_id, department_name, head_faculty_id, building, phone, email, established_date) VALUES ('DEPT003', '预防医学系', 'F013', 'Building C', '13763981967', 'dept2@qq.com', '2007-07-29');
INSERT INTO departments (department_id, department_name, head_faculty_id, building, phone, email, established_date) VALUES ('DEPT004', '药学系', 'F016', 'Building D', '15182948858', 'dept3@gmail.com', '1982-10-24');
INSERT INTO departments (department_id, department_name, head_faculty_id, building, phone, email, established_date) VALUES ('DEPT005', '护理学系', 'F029', 'Building E', '18345664196', 'dept4@gmail.com', '1992-06-21');
INSERT INTO departments (department_id, department_name, head_faculty_id, building, phone, email, established_date) VALUES ('DEPT006', '医学检验系', 'F003', 'Building F', '17683245452', 'dept5@qq.com', '2007-05-09');
INSERT INTO departments (department_id, department_name, head_faculty_id, building, phone, email, established_date) VALUES ('DEPT007', '医学影像系', 'F022', 'Building G', '17582556255', 'dept6@qq.com', '2009-04-23');
INSERT INTO departments (department_id, department_name, head_faculty_id, building, phone, email, established_date) VALUES ('DEPT008', '口腔医学系', 'F013', 'Building H', '15468678236', 'dept7@qq.com', '1992-07-13');

-- Insert data into programs
INSERT INTO programs (program_id, program_name, degree_type, duration_years, total_credits_required, department_id) VALUES ('PROG001', '临床医学本科', 'Bachelor', 5, 240, 'DEPT002');
INSERT INTO programs (program_id, program_name, degree_type, duration_years, total_credits_required, department_id) VALUES ('PROG002', '基础医学硕士', 'Master', 3, 90, 'DEPT001');
INSERT INTO programs (program_id, program_name, degree_type, duration_years, total_credits_required, department_id) VALUES ('PROG003', '预防医学本科', 'Bachelor', 5, 240, 'DEPT003');
INSERT INTO programs (program_id, program_name, degree_type, duration_years, total_credits_required, department_id) VALUES ('PROG004', '药学本科', 'Bachelor', 4, 180, 'DEPT004');
INSERT INTO programs (program_id, program_name, degree_type, duration_years, total_credits_required, department_id) VALUES ('PROG005', '护理学本科', 'Bachelor', 4, 160, 'DEPT005');

-- Insert data into faculty
INSERT INTO faculty (faculty_id, name, title, department_id, email, phone, office_location, hire_date) VALUES ('F001', '高秀英磊', 'Lecturer', 'DEPT008', 'faculty0@outlook.com', '15281222663', 'Room 682', '2000-01-04');
INSERT INTO faculty (faculty_id, name, title, department_id, email, phone, office_location, hire_date) VALUES ('F002', '李霞艳', 'Lecturer', 'DEPT003', 'faculty1@qq.com', '19178917026', 'Room 421', '2017-09-04');
INSERT INTO faculty (faculty_id, name, title, department_id, email, phone, office_location, hire_date) VALUES ('F003', '张艳', 'Professor', 'DEPT002', 'faculty2@gmail.com', '17185979421', 'Room 663', '2003-12-14');
INSERT INTO faculty (faculty_id, name, title, department_id, email, phone, office_location, hire_date) VALUES ('F004', '胡杰军', 'Lecturer', 'DEPT004', 'faculty3@gmail.com', '15238729418', 'Room 905', '2019-07-14');
INSERT INTO faculty (faculty_id, name, title, department_id, email, phone, office_location, hire_date) VALUES ('F005', '孙敏明', 'Lecturer', 'DEPT002', 'faculty4@outlook.com', '15485224006', 'Room 813', '2016-06-20');
INSERT INTO faculty (faculty_id, name, title, department_id, email, phone, office_location, hire_date) VALUES ('F006', '朱秀兰', 'Lecturer', 'DEPT001', 'faculty5@outlook.com', '18565518436', 'Room 529', '2013-12-18');
INSERT INTO faculty (faculty_id, name, title, department_id, email, phone, office_location, hire_date) VALUES ('F007', '郭芳', 'Associate Professor', 'DEPT008', 'faculty6@gmail.com', '14765449554', 'Room 207', '2003-02-20');
INSERT INTO faculty (faculty_id, name, title, department_id, email, phone, office_location, hire_date) VALUES ('F008', '李秀兰', 'Instructor', 'DEPT003', 'faculty7@qq.com', '16932106162', 'Room 166', '2016-08-31');
INSERT INTO faculty (faculty_id, name, title, department_id, email, phone, office_location, hire_date) VALUES ('F009', '胡伟', 'Assistant Professor', 'DEPT005', 'faculty8@outlook.com', '19736846211', 'Room 329', '2000-08-08');
INSERT INTO faculty (faculty_id, name, title, department_id, email, phone, office_location, hire_date) VALUES ('F010', '马强', 'Instructor', 'DEPT007', 'faculty9@gmail.com', '14379609655', 'Room 423', '2015-04-23');
INSERT INTO faculty (faculty_id, name, title, department_id, email, phone, office_location, hire_date) VALUES ('F011', '何敏勇', 'Associate Professor', 'DEPT007', 'faculty10@163.com', '13824841329', 'Room 781', '2021-12-24');
INSERT INTO faculty (faculty_id, name, title, department_id, email, phone, office_location, hire_date) VALUES ('F012', '周娜超', 'Assistant Professor', 'DEPT005', 'faculty11@qq.com', '16644619553', 'Room 663', '2007-12-07');
INSERT INTO faculty (faculty_id, name, title, department_id, email, phone, office_location, hire_date) VALUES ('F013', '何军艳', 'Lecturer', 'DEPT005', 'faculty12@163.com', '14350020791', 'Room 189', '2013-01-17');
INSERT INTO faculty (faculty_id, name, title, department_id, email, phone, office_location, hire_date) VALUES ('F014', '李艳', 'Associate Professor', 'DEPT003', 'faculty13@gmail.com', '14854472793', 'Room 858', '2017-06-11');
INSERT INTO faculty (faculty_id, name, title, department_id, email, phone, office_location, hire_date) VALUES ('F015', '吴磊', 'Lecturer', 'DEPT008', 'faculty14@qq.com', '16918085643', 'Room 926', '2015-07-14');
INSERT INTO faculty (faculty_id, name, title, department_id, email, phone, office_location, hire_date) VALUES ('F016', '周丽杰', 'Assistant Professor', 'DEPT002', 'faculty15@163.com', '19931923145', 'Room 645', '2013-05-07');
INSERT INTO faculty (faculty_id, name, title, department_id, email, phone, office_location, hire_date) VALUES ('F017', '陈明超', 'Associate Professor', 'DEPT008', 'faculty16@gmail.com', '19788711966', 'Room 296', '2009-07-18');
INSERT INTO faculty (faculty_id, name, title, department_id, email, phone, office_location, hire_date) VALUES ('F018', '徐平敏', 'Instructor', 'DEPT006', 'faculty17@gmail.com', '16114362556', 'Room 606', '2013-03-13');
INSERT INTO faculty (faculty_id, name, title, department_id, email, phone, office_location, hire_date) VALUES ('F019', '林娜杰', 'Professor', 'DEPT002', 'faculty18@163.com', '14584986838', 'Room 379', '2002-01-08');
INSERT INTO faculty (faculty_id, name, title, department_id, email, phone, office_location, hire_date) VALUES ('F020', '杨平娜', 'Instructor', 'DEPT006', 'faculty19@163.com', '14364268576', 'Room 423', '2023-12-01');
INSERT INTO faculty (faculty_id, name, title, department_id, email, phone, office_location, hire_date) VALUES ('F021', '张杰洋', 'Professor', 'DEPT002', 'faculty20@qq.com', '17626714590', 'Room 223', '2004-10-22');
INSERT INTO faculty (faculty_id, name, title, department_id, email, phone, office_location, hire_date) VALUES ('F022', '何杰', 'Associate Professor', 'DEPT007', 'faculty21@163.com', '15678324408', 'Room 956', '2008-01-16');
INSERT INTO faculty (faculty_id, name, title, department_id, email, phone, office_location, hire_date) VALUES ('F023', '黄娜', 'Lecturer', 'DEPT008', 'faculty22@gmail.com', '16866332786', 'Room 344', '2002-08-29');
INSERT INTO faculty (faculty_id, name, title, department_id, email, phone, office_location, hire_date) VALUES ('F024', '罗勇', 'Lecturer', 'DEPT007', 'faculty23@gmail.com', '17942929787', 'Room 663', '2015-12-08');
INSERT INTO faculty (faculty_id, name, title, department_id, email, phone, office_location, hire_date) VALUES ('F025', '赵超强', 'Instructor', 'DEPT006', 'faculty24@qq.com', '18858142332', 'Room 838', '2019-11-15');
INSERT INTO faculty (faculty_id, name, title, department_id, email, phone, office_location, hire_date) VALUES ('F026', '罗伟强', 'Instructor', 'DEPT002', 'faculty25@163.com', '16477060643', 'Room 585', '2016-11-01');
INSERT INTO faculty (faculty_id, name, title, department_id, email, phone, office_location, hire_date) VALUES ('F027', '赵军静', 'Associate Professor', 'DEPT001', 'faculty26@gmail.com', '15514765593', 'Room 512', '2013-10-18');
INSERT INTO faculty (faculty_id, name, title, department_id, email, phone, office_location, hire_date) VALUES ('F028', '徐丽', 'Instructor', 'DEPT008', 'faculty27@qq.com', '13373746498', 'Room 923', '2022-03-16');
INSERT INTO faculty (faculty_id, name, title, department_id, email, phone, office_location, hire_date) VALUES ('F029', '刘军', 'Assistant Professor', 'DEPT005', 'faculty28@163.com', '18824009661', 'Room 173', '2001-01-07');
INSERT INTO faculty (faculty_id, name, title, department_id, email, phone, office_location, hire_date) VALUES ('F030', '罗敏', 'Associate Professor', 'DEPT003', 'faculty29@outlook.com', '18847301780', 'Room 933', '2006-01-25');

-- Insert data into courses
INSERT INTO courses (course_id, course_name, course_code, credits, department_id, description, level) VALUES ('C0001', '人体解剖学', 'MED9288', 4, 'DEPT008', '人体解剖学课程描述', 'Undergraduate');
INSERT INTO courses (course_id, course_name, course_code, credits, department_id, description, level) VALUES ('C0002', '生理学', 'MED9800', 3, 'DEPT008', '生理学课程描述', 'Undergraduate');
INSERT INTO courses (course_id, course_name, course_code, credits, department_id, description, level) VALUES ('C0003', '病理学', 'MED9604', 2, 'DEPT003', '病理学课程描述', 'Undergraduate');
INSERT INTO courses (course_id, course_name, course_code, credits, department_id, description, level) VALUES ('C0004', '药理学', 'MED4515', 4, 'DEPT005', '药理学课程描述', 'Undergraduate');
INSERT INTO courses (course_id, course_name, course_code, credits, department_id, description, level) VALUES ('C0005', '内科学', 'MED2916', 3, 'DEPT002', '内科学课程描述', 'Both');
INSERT INTO courses (course_id, course_name, course_code, credits, department_id, description, level) VALUES ('C0006', '外科学', 'MED6127', 4, 'DEPT002', '外科学课程描述', 'Both');
INSERT INTO courses (course_id, course_name, course_code, credits, department_id, description, level) VALUES ('C0007', '儿科学', 'MED3003', 4, 'DEPT005', '儿科学课程描述', 'Both');
INSERT INTO courses (course_id, course_name, course_code, credits, department_id, description, level) VALUES ('C0008', '妇产科学', 'MED9477', 4, 'DEPT004', '妇产科学课程描述', 'Both');
INSERT INTO courses (course_id, course_name, course_code, credits, department_id, description, level) VALUES ('C0009', '预防医学', 'MED6848', 2, 'DEPT003', '预防医学课程描述', 'Graduate');
INSERT INTO courses (course_id, course_name, course_code, credits, department_id, description, level) VALUES ('C0010', '流行病学', 'MED5353', 2, 'DEPT006', '流行病学课程描述', 'Both');
INSERT INTO courses (course_id, course_name, course_code, credits, department_id, description, level) VALUES ('C0011', '卫生统计学', 'MED7766', 2, 'DEPT007', '卫生统计学课程描述', 'Both');
INSERT INTO courses (course_id, course_name, course_code, credits, department_id, description, level) VALUES ('C0012', '医学微生物学', 'MED7738', 5, 'DEPT004', '医学微生物学课程描述', 'Graduate');
INSERT INTO courses (course_id, course_name, course_code, credits, department_id, description, level) VALUES ('C0013', '医学免疫学', 'MED8517', 4, 'DEPT007', '医学免疫学课程描述', 'Both');
INSERT INTO courses (course_id, course_name, course_code, credits, department_id, description, level) VALUES ('C0014', '生物化学', 'MED7875', 5, 'DEPT004', '生物化学课程描述', 'Graduate');
INSERT INTO courses (course_id, course_name, course_code, credits, department_id, description, level) VALUES ('C0015', '组织胚胎学', 'MED7990', 5, 'DEPT001', '组织胚胎学课程描述', 'Undergraduate');
INSERT INTO courses (course_id, course_name, course_code, credits, department_id, description, level) VALUES ('C0016', '医学遗传学', 'MED8930', 4, 'DEPT008', '医学遗传学课程描述', 'Undergraduate');
INSERT INTO courses (course_id, course_name, course_code, credits, department_id, description, level) VALUES ('C0017', '医学影像学', 'MED7301', 2, 'DEPT007', '医学影像学课程描述', 'Undergraduate');
INSERT INTO courses (course_id, course_name, course_code, credits, department_id, description, level) VALUES ('C0018', '临床诊断学', 'MED5090', 5, 'DEPT001', '临床诊断学课程描述', 'Undergraduate');
INSERT INTO courses (course_id, course_name, course_code, credits, department_id, description, level) VALUES ('C0019', '急救医学', 'MED4497', 2, 'DEPT005', '急救医学课程描述', 'Both');
INSERT INTO courses (course_id, course_name, course_code, credits, department_id, description, level) VALUES ('C0020', '全科医学', 'MED3776', 4, 'DEPT004', '全科医学课程描述', 'Graduate');
INSERT INTO courses (course_id, course_name, course_code, credits, department_id, description, level) VALUES ('C0021', '中医学基础', 'MED4820', 5, 'DEPT007', '中医学基础课程描述', 'Both');
INSERT INTO courses (course_id, course_name, course_code, credits, department_id, description, level) VALUES ('C0022', '针灸学', 'MED5815', 5, 'DEPT005', '针灸学课程描述', 'Both');
INSERT INTO courses (course_id, course_name, course_code, credits, department_id, description, level) VALUES ('C0023', '推拿学', 'MED9479', 4, 'DEPT005', '推拿学课程描述', 'Undergraduate');
INSERT INTO courses (course_id, course_name, course_code, credits, department_id, description, level) VALUES ('C0024', '医学伦理学', 'MED8541', 3, 'DEPT002', '医学伦理学课程描述', 'Graduate');
INSERT INTO courses (course_id, course_name, course_code, credits, department_id, description, level) VALUES ('C0025', '医学心理学', 'MED5496', 2, 'DEPT002', '医学心理学课程描述', 'Both');
INSERT INTO courses (course_id, course_name, course_code, credits, department_id, description, level) VALUES ('C0026', '医患沟通', 'MED7399', 4, 'DEPT001', '医患沟通课程描述', 'Graduate');
INSERT INTO courses (course_id, course_name, course_code, credits, department_id, description, level) VALUES ('C0027', '临床技能训练', 'MED4751', 5, 'DEPT006', '临床技能训练课程描述', 'Graduate');
INSERT INTO courses (course_id, course_name, course_code, credits, department_id, description, level) VALUES ('C0028', '医学英语', 'MED6440', 3, 'DEPT007', '医学英语课程描述', 'Graduate');
INSERT INTO courses (course_id, course_name, course_code, credits, department_id, description, level) VALUES ('C0029', '医学文献检索', 'MED5876', 5, 'DEPT003', '医学文献检索课程描述', 'Graduate');
INSERT INTO courses (course_id, course_name, course_code, credits, department_id, description, level) VALUES ('C0030', '循证医学', 'MED4945', 3, 'DEPT008', '循证医学课程描述', 'Graduate');
INSERT INTO courses (course_id, course_name, course_code, credits, department_id, description, level) VALUES ('C0031', '医学统计软件应用', 'MED5049', 5, 'DEPT004', '医学统计软件应用课程描述', 'Both');
INSERT INTO courses (course_id, course_name, course_code, credits, department_id, description, level) VALUES ('C0032', '分子生物学', 'MED6259', 4, 'DEPT006', '分子生物学课程描述', 'Undergraduate');
INSERT INTO courses (course_id, course_name, course_code, credits, department_id, description, level) VALUES ('C0033', '细胞生物学', 'MED2513', 5, 'DEPT007', '细胞生物学课程描述', 'Both');
INSERT INTO courses (course_id, course_name, course_code, credits, department_id, description, level) VALUES ('C0034', '神经生物学', 'MED2636', 3, 'DEPT001', '神经生物学课程描述', 'Both');
INSERT INTO courses (course_id, course_name, course_code, credits, department_id, description, level) VALUES ('C0035', '医学遗传咨询', 'MED6580', 2, 'DEPT008', '医学遗传咨询课程描述', 'Graduate');
INSERT INTO courses (course_id, course_name, course_code, credits, department_id, description, level) VALUES ('C0036', '康复医学', 'MED5070', 2, 'DEPT005', '康复医学课程描述', 'Undergraduate');
INSERT INTO courses (course_id, course_name, course_code, credits, department_id, description, level) VALUES ('C0037', '老年医学', 'MED3460', 2, 'DEPT005', '老年医学课程描述', 'Undergraduate');
INSERT INTO courses (course_id, course_name, course_code, credits, department_id, description, level) VALUES ('C0038', '精神病学', 'MED3845', 2, 'DEPT007', '精神病学课程描述', 'Both');
INSERT INTO courses (course_id, course_name, course_code, credits, department_id, description, level) VALUES ('C0039', '皮肤性病学', 'MED8961', 4, 'DEPT005', '皮肤性病学课程描述', 'Undergraduate');
INSERT INTO courses (course_id, course_name, course_code, credits, department_id, description, level) VALUES ('C0040', '眼科学', 'MED5739', 2, 'DEPT005', '眼科学课程描述', 'Undergraduate');

-- Insert data into student_addresses
INSERT INTO student_addresses (student_id, address_type, street, city, province, postal_code, country) VALUES ('S2020016', 'Home', '建设路23号', '广州', '广东省', '739218', 'China');
INSERT INTO student_addresses (student_id, address_type, street, city, province, postal_code, country) VALUES ('S2020045', 'Dorm', '解放路567号', '南京', '北京市', '931017', 'China');
INSERT INTO student_addresses (student_id, address_type, street, city, province, postal_code, country) VALUES ('S2020043', 'Emergency', '中山路795号', '杭州', '四川省', '144978', 'China');
INSERT INTO student_addresses (student_id, address_type, street, city, province, postal_code, country) VALUES ('S2020037', 'Dorm', '建设路448号', '广州', '江苏省', '483581', 'China');
INSERT INTO student_addresses (student_id, address_type, street, city, province, postal_code, country) VALUES ('S2020011', 'Home', '解放路330号', '广州', '湖北省', '419277', 'China');
INSERT INTO student_addresses (student_id, address_type, street, city, province, postal_code, country) VALUES ('S2020021', 'Dorm', '建设路959号', '武汉', '江苏省', '485007', 'China');
INSERT INTO student_addresses (student_id, address_type, street, city, province, postal_code, country) VALUES ('S2020025', 'Emergency', '人民路689号', '成都', '江苏省', '941530', 'China');
INSERT INTO student_addresses (student_id, address_type, street, city, province, postal_code, country) VALUES ('S2020018', 'Dorm', '中山路509号', '上海', '上海市', '655630', 'China');
INSERT INTO student_addresses (student_id, address_type, street, city, province, postal_code, country) VALUES ('S2020023', 'Dorm', '建设路181号', '杭州', '湖北省', '780667', 'China');
INSERT INTO student_addresses (student_id, address_type, street, city, province, postal_code, country) VALUES ('S2020011', 'Emergency', '中山路885号', '武汉', '湖北省', '434540', 'China');
INSERT INTO student_addresses (student_id, address_type, street, city, province, postal_code, country) VALUES ('S2020018', 'Dorm', '建设路402号', '北京', '北京市', '148615', 'China');
INSERT INTO student_addresses (student_id, address_type, street, city, province, postal_code, country) VALUES ('S2020041', 'Dorm', '人民路46号', '广州', '湖北省', '923218', 'China');
INSERT INTO student_addresses (student_id, address_type, street, city, province, postal_code, country) VALUES ('S2020015', 'Dorm', '人民路445号', '成都', '江苏省', '141237', 'China');
INSERT INTO student_addresses (student_id, address_type, street, city, province, postal_code, country) VALUES ('S2020037', 'Dorm', '解放路779号', '成都', '四川省', '206956', 'China');
INSERT INTO student_addresses (student_id, address_type, street, city, province, postal_code, country) VALUES ('S2020022', 'Home', '解放路885号', '杭州', '北京市', '148082', 'China');
INSERT INTO student_addresses (student_id, address_type, street, city, province, postal_code, country) VALUES ('S2020019', 'Emergency', '中山路914号', '武汉', '江苏省', '783790', 'China');
INSERT INTO student_addresses (student_id, address_type, street, city, province, postal_code, country) VALUES ('S2020033', 'Emergency', '解放路33号', '广州', '四川省', '405887', 'China');
INSERT INTO student_addresses (student_id, address_type, street, city, province, postal_code, country) VALUES ('S2020018', 'Emergency', '人民路266号', '成都', '北京市', '738946', 'China');
INSERT INTO student_addresses (student_id, address_type, street, city, province, postal_code, country) VALUES ('S2020042', 'Dorm', '解放路470号', '成都', '广东省', '401096', 'China');
INSERT INTO student_addresses (student_id, address_type, street, city, province, postal_code, country) VALUES ('S2020019', 'Home', '解放路48号', '杭州', '江苏省', '564687', 'China');
INSERT INTO student_addresses (student_id, address_type, street, city, province, postal_code, country) VALUES ('S2020040', 'Home', '中山路755号', '成都', '四川省', '309137', 'China');
INSERT INTO student_addresses (student_id, address_type, street, city, province, postal_code, country) VALUES ('S2020029', 'Emergency', '人民路268号', '武汉', '湖北省', '583318', 'China');
INSERT INTO student_addresses (student_id, address_type, street, city, province, postal_code, country) VALUES ('S2020011', 'Emergency', '解放路810号', '上海', '浙江省', '612880', 'China');
INSERT INTO student_addresses (student_id, address_type, street, city, province, postal_code, country) VALUES ('S2020020', 'Dorm', '人民路377号', '南京', '北京市', '402881', 'China');
INSERT INTO student_addresses (student_id, address_type, street, city, province, postal_code, country) VALUES ('S2020010', 'Emergency', '中山路663号', '杭州', '广东省', '496317', 'China');
INSERT INTO student_addresses (student_id, address_type, street, city, province, postal_code, country) VALUES ('S2020029', 'Emergency', '建设路661号', '深圳', '四川省', '306136', 'China');
INSERT INTO student_addresses (student_id, address_type, street, city, province, postal_code, country) VALUES ('S2020013', 'Home', '人民路997号', '成都', '浙江省', '110004', 'China');
INSERT INTO student_addresses (student_id, address_type, street, city, province, postal_code, country) VALUES ('S2020022', 'Emergency', '解放路251号', '北京', '广东省', '537796', 'China');
INSERT INTO student_addresses (student_id, address_type, street, city, province, postal_code, country) VALUES ('S2020017', 'Dorm', '人民路168号', '深圳', '浙江省', '543917', 'China');
INSERT INTO student_addresses (student_id, address_type, street, city, province, postal_code, country) VALUES ('S2020022', 'Emergency', '解放路322号', '南京', '上海市', '549844', 'China');
INSERT INTO student_addresses (student_id, address_type, street, city, province, postal_code, country) VALUES ('S2020016', 'Emergency', '建设路614号', '上海', '浙江省', '703509', 'China');
INSERT INTO student_addresses (student_id, address_type, street, city, province, postal_code, country) VALUES ('S2020046', 'Emergency', '中山路460号', '深圳', '上海市', '139440', 'China');
INSERT INTO student_addresses (student_id, address_type, street, city, province, postal_code, country) VALUES ('S2020010', 'Emergency', '中山路822号', '北京', '江苏省', '939630', 'China');
INSERT INTO student_addresses (student_id, address_type, street, city, province, postal_code, country) VALUES ('S2020002', 'Dorm', '中山路240号', '杭州', '湖北省', '513337', 'China');
INSERT INTO student_addresses (student_id, address_type, street, city, province, postal_code, country) VALUES ('S2020003', 'Dorm', '建设路928号', '上海', '江苏省', '831862', 'China');
INSERT INTO student_addresses (student_id, address_type, street, city, province, postal_code, country) VALUES ('S2020027', 'Home', '建设路694号', '广州', '上海市', '539829', 'China');
INSERT INTO student_addresses (student_id, address_type, street, city, province, postal_code, country) VALUES ('S2020015', 'Home', '解放路824号', '武汉', '四川省', '685591', 'China');
INSERT INTO student_addresses (student_id, address_type, street, city, province, postal_code, country) VALUES ('S2020029', 'Emergency', '解放路739号', '武汉', '湖北省', '390853', 'China');
INSERT INTO student_addresses (student_id, address_type, street, city, province, postal_code, country) VALUES ('S2020038', 'Home', '解放路511号', '北京', '上海市', '524410', 'China');
INSERT INTO student_addresses (student_id, address_type, street, city, province, postal_code, country) VALUES ('S2020030', 'Dorm', '建设路482号', '杭州', '北京市', '608142', 'China');

-- Insert data into student_emergency_contacts
INSERT INTO student_emergency_contacts (student_id, contact_name, relationship, phone, email) VALUES ('S2020039', '徐强艳', '兄弟', '14731780191', 'contact0@gmail.com');
INSERT INTO student_emergency_contacts (student_id, contact_name, relationship, phone, email) VALUES ('S2020044', '马静涛', '配偶', '19939056779', 'contact1@qq.com');
INSERT INTO student_emergency_contacts (student_id, contact_name, relationship, phone, email) VALUES ('S2020004', '吴平', '姐妹', '13182945700', NULL);
INSERT INTO student_emergency_contacts (student_id, contact_name, relationship, phone, email) VALUES ('S2020019', '陈霞军', '其他亲属', '15388502151', 'contact3@outlook.com');
INSERT INTO student_emergency_contacts (student_id, contact_name, relationship, phone, email) VALUES ('S2020033', '罗磊超', '其他亲属', '13885507376', 'contact4@gmail.com');
INSERT INTO student_emergency_contacts (student_id, contact_name, relationship, phone, email) VALUES ('S2020033', '张秀英敏', '配偶', '18521699576', NULL);
INSERT INTO student_emergency_contacts (student_id, contact_name, relationship, phone, email) VALUES ('S2020034', '刘秀英', '姐妹', '16813273791', 'contact6@163.com');
INSERT INTO student_emergency_contacts (student_id, contact_name, relationship, phone, email) VALUES ('S2020049', '林娜', '母亲', '19256142244', 'contact7@outlook.com');
INSERT INTO student_emergency_contacts (student_id, contact_name, relationship, phone, email) VALUES ('S2020022', '杨丽芳', '父亲', '15838737484', 'contact8@gmail.com');
INSERT INTO student_emergency_contacts (student_id, contact_name, relationship, phone, email) VALUES ('S2020016', '张敏', '姐妹', '18566153713', NULL);
INSERT INTO student_emergency_contacts (student_id, contact_name, relationship, phone, email) VALUES ('S2020035', '徐勇', '母亲', '17267668034', 'contact10@163.com');
INSERT INTO student_emergency_contacts (student_id, contact_name, relationship, phone, email) VALUES ('S2020003', '黄霞', '兄弟', '19839832212', NULL);
INSERT INTO student_emergency_contacts (student_id, contact_name, relationship, phone, email) VALUES ('S2020034', '何磊静', '姐妹', '16973475307', NULL);
INSERT INTO student_emergency_contacts (student_id, contact_name, relationship, phone, email) VALUES ('S2020014', '高秀兰杰', '配偶', '16124629219', 'contact13@qq.com');
INSERT INTO student_emergency_contacts (student_id, contact_name, relationship, phone, email) VALUES ('S2020014', '刘勇', '其他亲属', '15754201118', 'contact14@163.com');
INSERT INTO student_emergency_contacts (student_id, contact_name, relationship, phone, email) VALUES ('S2020029', '李强丽', '配偶', '17325347549', 'contact15@outlook.com');
INSERT INTO student_emergency_contacts (student_id, contact_name, relationship, phone, email) VALUES ('S2020007', '高明敏', '父亲', '17650110463', NULL);
INSERT INTO student_emergency_contacts (student_id, contact_name, relationship, phone, email) VALUES ('S2020022', '赵霞芳', '母亲', '15447439230', 'contact17@163.com');
INSERT INTO student_emergency_contacts (student_id, contact_name, relationship, phone, email) VALUES ('S2020019', '吴超', '配偶', '17102260553', 'contact18@qq.com');
INSERT INTO student_emergency_contacts (student_id, contact_name, relationship, phone, email) VALUES ('S2020000', '杨娜', '其他亲属', '14728666011', NULL);
INSERT INTO student_emergency_contacts (student_id, contact_name, relationship, phone, email) VALUES ('S2020018', '胡强军', '父亲', '19288687508', 'contact20@163.com');
INSERT INTO student_emergency_contacts (student_id, contact_name, relationship, phone, email) VALUES ('S2020004', '刘敏', '父亲', '18845205990', 'contact21@outlook.com');
INSERT INTO student_emergency_contacts (student_id, contact_name, relationship, phone, email) VALUES ('S2020010', '吴秀兰平', '其他亲属', '14503972362', 'contact22@outlook.com');
INSERT INTO student_emergency_contacts (student_id, contact_name, relationship, phone, email) VALUES ('S2020012', '赵静', '配偶', '14921003495', 'contact23@163.com');
INSERT INTO student_emergency_contacts (student_id, contact_name, relationship, phone, email) VALUES ('S2020018', '陈秀兰伟', '配偶', '14595749527', 'contact24@qq.com');
INSERT INTO student_emergency_contacts (student_id, contact_name, relationship, phone, email) VALUES ('S2020040', '徐秀英', '兄弟', '17762649712', 'contact25@gmail.com');
INSERT INTO student_emergency_contacts (student_id, contact_name, relationship, phone, email) VALUES ('S2020009', '胡军艳', '姐妹', '17879083424', 'contact26@163.com');
INSERT INTO student_emergency_contacts (student_id, contact_name, relationship, phone, email) VALUES ('S2020006', '黄艳军', '配偶', '14813130107', 'contact27@gmail.com');
INSERT INTO student_emergency_contacts (student_id, contact_name, relationship, phone, email) VALUES ('S2020043', '徐艳磊', '姐妹', '19111218193', 'contact28@163.com');
INSERT INTO student_emergency_contacts (student_id, contact_name, relationship, phone, email) VALUES ('S2020009', '马芳艳', '配偶', '19644324413', NULL);
INSERT INTO student_emergency_contacts (student_id, contact_name, relationship, phone, email) VALUES ('S2020041', '王洋娜', '父亲', '18488633975', 'contact30@gmail.com');
INSERT INTO student_emergency_contacts (student_id, contact_name, relationship, phone, email) VALUES ('S2020028', '林娜丽', '兄弟', '17917630808', 'contact31@qq.com');
INSERT INTO student_emergency_contacts (student_id, contact_name, relationship, phone, email) VALUES ('S2020014', '刘明明', '其他亲属', '18490469483', NULL);
INSERT INTO student_emergency_contacts (student_id, contact_name, relationship, phone, email) VALUES ('S2020012', '孙明秀英', '父亲', '16322824918', NULL);
INSERT INTO student_emergency_contacts (student_id, contact_name, relationship, phone, email) VALUES ('S2020028', '郭静', '配偶', '14262685191', 'contact34@outlook.com');
INSERT INTO student_emergency_contacts (student_id, contact_name, relationship, phone, email) VALUES ('S2020045', '朱敏', '父亲', '13272679857', NULL);
INSERT INTO student_emergency_contacts (student_id, contact_name, relationship, phone, email) VALUES ('S2020044', '赵磊丽', '兄弟', '19803899686', 'contact36@163.com');
INSERT INTO student_emergency_contacts (student_id, contact_name, relationship, phone, email) VALUES ('S2020049', '林勇静', '姐妹', '18828070381', 'contact37@outlook.com');
INSERT INTO student_emergency_contacts (student_id, contact_name, relationship, phone, email) VALUES ('S2020001', '林强平', '母亲', '17796663035', 'contact38@gmail.com');
INSERT INTO student_emergency_contacts (student_id, contact_name, relationship, phone, email) VALUES ('S2020024', '郭涛磊', '配偶', '14874887620', 'contact39@outlook.com');
INSERT INTO student_emergency_contacts (student_id, contact_name, relationship, phone, email) VALUES ('S2020019', '赵强', '其他亲属', '19454468427', 'contact40@163.com');
INSERT INTO student_emergency_contacts (student_id, contact_name, relationship, phone, email) VALUES ('S2020025', '罗艳', '兄弟', '17744954382', 'contact41@outlook.com');
INSERT INTO student_emergency_contacts (student_id, contact_name, relationship, phone, email) VALUES ('S2020043', '刘勇', '父亲', '17519841879', 'contact42@gmail.com');
INSERT INTO student_emergency_contacts (student_id, contact_name, relationship, phone, email) VALUES ('S2020021', '马超娜', '母亲', '16118719334', 'contact43@qq.com');
INSERT INTO student_emergency_contacts (student_id, contact_name, relationship, phone, email) VALUES ('S2020030', '孙敏娜', '姐妹', '13973608872', 'contact44@163.com');

-- Insert data into course_sections
INSERT INTO course_sections (section_id, course_id, semester, year, section_number, max_capacity, enrolled_count) VALUES ('SEC0001', 'C0003', 'Summer', 2024, '02', 40, 25);
INSERT INTO course_sections (section_id, course_id, semester, year, section_number, max_capacity, enrolled_count) VALUES ('SEC0002', 'C0029', 'Fall', 2024, '01', 50, 35);
INSERT INTO course_sections (section_id, course_id, semester, year, section_number, max_capacity, enrolled_count) VALUES ('SEC0003', 'C0031', 'Summer', 2024, '05', 40, 35);
INSERT INTO course_sections (section_id, course_id, semester, year, section_number, max_capacity, enrolled_count) VALUES ('SEC0004', 'C0016', 'Spring', 2023, '03', 40, 32);
INSERT INTO course_sections (section_id, course_id, semester, year, section_number, max_capacity, enrolled_count) VALUES ('SEC0005', 'C0005', 'Spring', 2023, '04', 60, 55);
INSERT INTO course_sections (section_id, course_id, semester, year, section_number, max_capacity, enrolled_count) VALUES ('SEC0006', 'C0032', 'Fall', 2023, '02', 60, 26);
INSERT INTO course_sections (section_id, course_id, semester, year, section_number, max_capacity, enrolled_count) VALUES ('SEC0007', 'C0005', 'Fall', 2024, '05', 40, 24);
INSERT INTO course_sections (section_id, course_id, semester, year, section_number, max_capacity, enrolled_count) VALUES ('SEC0008', 'C0029', 'Spring', 2024, '04', 60, 48);
INSERT INTO course_sections (section_id, course_id, semester, year, section_number, max_capacity, enrolled_count) VALUES ('SEC0009', 'C0009', 'Spring', 2023, '05', 50, 47);
INSERT INTO course_sections (section_id, course_id, semester, year, section_number, max_capacity, enrolled_count) VALUES ('SEC0010', 'C0039', 'Fall', 2023, '01', 50, 30);
INSERT INTO course_sections (section_id, course_id, semester, year, section_number, max_capacity, enrolled_count) VALUES ('SEC0011', 'C0033', 'Summer', 2023, '03', 40, 28);
INSERT INTO course_sections (section_id, course_id, semester, year, section_number, max_capacity, enrolled_count) VALUES ('SEC0012', 'C0036', 'Fall', 2024, '03', 30, 22);
INSERT INTO course_sections (section_id, course_id, semester, year, section_number, max_capacity, enrolled_count) VALUES ('SEC0013', 'C0010', 'Summer', 2024, '05', 50, 22);
INSERT INTO course_sections (section_id, course_id, semester, year, section_number, max_capacity, enrolled_count) VALUES ('SEC0014', 'C0023', 'Summer', 2022, '05', 50, 44);
INSERT INTO course_sections (section_id, course_id, semester, year, section_number, max_capacity, enrolled_count) VALUES ('SEC0015', 'C0040', 'Spring', 2024, '05', 40, 22);
INSERT INTO course_sections (section_id, course_id, semester, year, section_number, max_capacity, enrolled_count) VALUES ('SEC0016', 'C0002', 'Summer', 2022, '05', 50, 22);
INSERT INTO course_sections (section_id, course_id, semester, year, section_number, max_capacity, enrolled_count) VALUES ('SEC0017', 'C0022', 'Summer', 2024, '04', 30, 25);
INSERT INTO course_sections (section_id, course_id, semester, year, section_number, max_capacity, enrolled_count) VALUES ('SEC0018', 'C0021', 'Spring', 2023, '04', 40, 25);
INSERT INTO course_sections (section_id, course_id, semester, year, section_number, max_capacity, enrolled_count) VALUES ('SEC0019', 'C0023', 'Spring', 2022, '02', 40, 35);
INSERT INTO course_sections (section_id, course_id, semester, year, section_number, max_capacity, enrolled_count) VALUES ('SEC0020', 'C0029', 'Summer', 2023, '02', 30, 26);
INSERT INTO course_sections (section_id, course_id, semester, year, section_number, max_capacity, enrolled_count) VALUES ('SEC0021', 'C0008', 'Fall', 2022, '04', 50, 33);
INSERT INTO course_sections (section_id, course_id, semester, year, section_number, max_capacity, enrolled_count) VALUES ('SEC0022', 'C0034', 'Fall', 2022, '03', 60, 60);
INSERT INTO course_sections (section_id, course_id, semester, year, section_number, max_capacity, enrolled_count) VALUES ('SEC0023', 'C0004', 'Spring', 2024, '05', 60, 30);
INSERT INTO course_sections (section_id, course_id, semester, year, section_number, max_capacity, enrolled_count) VALUES ('SEC0024', 'C0021', 'Summer', 2022, '01', 50, 26);
INSERT INTO course_sections (section_id, course_id, semester, year, section_number, max_capacity, enrolled_count) VALUES ('SEC0025', 'C0019', 'Fall', 2022, '03', 30, 26);
INSERT INTO course_sections (section_id, course_id, semester, year, section_number, max_capacity, enrolled_count) VALUES ('SEC0026', 'C0005', 'Summer', 2022, '04', 50, 37);
INSERT INTO course_sections (section_id, course_id, semester, year, section_number, max_capacity, enrolled_count) VALUES ('SEC0027', 'C0035', 'Fall', 2022, '03', 30, 22);
INSERT INTO course_sections (section_id, course_id, semester, year, section_number, max_capacity, enrolled_count) VALUES ('SEC0028', 'C0034', 'Summer', 2023, '04', 30, 21);
INSERT INTO course_sections (section_id, course_id, semester, year, section_number, max_capacity, enrolled_count) VALUES ('SEC0029', 'C0003', 'Summer', 2024, '03', 40, 33);
INSERT INTO course_sections (section_id, course_id, semester, year, section_number, max_capacity, enrolled_count) VALUES ('SEC0030', 'C0036', 'Summer', 2022, '03', 60, 23);
INSERT INTO course_sections (section_id, course_id, semester, year, section_number, max_capacity, enrolled_count) VALUES ('SEC0031', 'C0006', 'Fall', 2024, '02', 50, 50);
INSERT INTO course_sections (section_id, course_id, semester, year, section_number, max_capacity, enrolled_count) VALUES ('SEC0032', 'C0028', 'Spring', 2024, '01', 30, 24);
INSERT INTO course_sections (section_id, course_id, semester, year, section_number, max_capacity, enrolled_count) VALUES ('SEC0033', 'C0004', 'Fall', 2022, '01', 60, 24);
INSERT INTO course_sections (section_id, course_id, semester, year, section_number, max_capacity, enrolled_count) VALUES ('SEC0034', 'C0016', 'Fall', 2024, '03', 30, 22);
INSERT INTO course_sections (section_id, course_id, semester, year, section_number, max_capacity, enrolled_count) VALUES ('SEC0035', 'C0001', 'Summer', 2022, '02', 60, 28);

-- Insert data into student_enrollments
INSERT INTO student_enrollments (student_id, section_id, enrollment_date, enrollment_status, grade, grade_points) VALUES ('S2020016', 'SEC0035', '2024-03-19', 'Dropped', NULL, NULL);
INSERT INTO student_enrollments (student_id, section_id, enrollment_date, enrollment_status, grade, grade_points) VALUES ('S2020011', 'SEC0018', '2022-04-03', 'Withdrawn', NULL, NULL);
INSERT INTO student_enrollments (student_id, section_id, enrollment_date, enrollment_status, grade, grade_points) VALUES ('S2020001', 'SEC0029', '2024-07-31', 'Dropped', NULL, NULL);
INSERT INTO student_enrollments (student_id, section_id, enrollment_date, enrollment_status, grade, grade_points) VALUES ('S2020035', 'SEC0006', '2024-12-13', 'Enrolled', NULL, NULL);
INSERT INTO student_enrollments (student_id, section_id, enrollment_date, enrollment_status, grade, grade_points) VALUES ('S2020004', 'SEC0014', '2023-07-16', 'Enrolled', NULL, NULL);
INSERT INTO student_enrollments (student_id, section_id, enrollment_date, enrollment_status, grade, grade_points) VALUES ('S2020021', 'SEC0021', '2022-08-17', 'Withdrawn', NULL, NULL);
INSERT INTO student_enrollments (student_id, section_id, enrollment_date, enrollment_status, grade, grade_points) VALUES ('S2020019', 'SEC0009', '2024-10-03', 'Dropped', NULL, NULL);
INSERT INTO student_enrollments (student_id, section_id, enrollment_date, enrollment_status, grade, grade_points) VALUES ('S2020002', 'SEC0035', '2023-02-13', 'Dropped', NULL, NULL);
INSERT INTO student_enrollments (student_id, section_id, enrollment_date, enrollment_status, grade, grade_points) VALUES ('S2020016', 'SEC0006', '2024-01-20', 'Completed', 'C', 2.0);
INSERT INTO student_enrollments (student_id, section_id, enrollment_date, enrollment_status, grade, grade_points) VALUES ('S2020041', 'SEC0007', '2023-01-05', 'Withdrawn', NULL, NULL);
INSERT INTO student_enrollments (student_id, section_id, enrollment_date, enrollment_status, grade, grade_points) VALUES ('S2020044', 'SEC0026', '2022-03-31', 'Withdrawn', NULL, NULL);
INSERT INTO student_enrollments (student_id, section_id, enrollment_date, enrollment_status, grade, grade_points) VALUES ('S2020022', 'SEC0009', '2024-11-22', 'Completed', 'D', 1.0);
INSERT INTO student_enrollments (student_id, section_id, enrollment_date, enrollment_status, grade, grade_points) VALUES ('S2020037', 'SEC0013', '2024-03-11', 'Completed', 'C+', 2.3);
INSERT INTO student_enrollments (student_id, section_id, enrollment_date, enrollment_status, grade, grade_points) VALUES ('S2020019', 'SEC0008', '2024-11-04', 'Enrolled', NULL, NULL);
INSERT INTO student_enrollments (student_id, section_id, enrollment_date, enrollment_status, grade, grade_points) VALUES ('S2020031', 'SEC0022', '2024-06-13', 'Withdrawn', NULL, NULL);
INSERT INTO student_enrollments (student_id, section_id, enrollment_date, enrollment_status, grade, grade_points) VALUES ('S2020043', 'SEC0018', '2024-06-22', 'Withdrawn', NULL, NULL);
INSERT INTO student_enrollments (student_id, section_id, enrollment_date, enrollment_status, grade, grade_points) VALUES ('S2020018', 'SEC0011', '2024-06-07', 'Withdrawn', NULL, NULL);
INSERT INTO student_enrollments (student_id, section_id, enrollment_date, enrollment_status, grade, grade_points) VALUES ('S2020012', 'SEC0023', '2024-10-28', 'Enrolled', NULL, NULL);
INSERT INTO student_enrollments (student_id, section_id, enrollment_date, enrollment_status, grade, grade_points) VALUES ('S2020016', 'SEC0011', '2023-06-06', 'Withdrawn', NULL, NULL);
INSERT INTO student_enrollments (student_id, section_id, enrollment_date, enrollment_status, grade, grade_points) VALUES ('S2020000', 'SEC0017', '2022-01-22', 'Completed', 'B+', 3.3);
INSERT INTO student_enrollments (student_id, section_id, enrollment_date, enrollment_status, grade, grade_points) VALUES ('S2020033', 'SEC0022', '2023-08-05', 'Dropped', NULL, NULL);
INSERT INTO student_enrollments (student_id, section_id, enrollment_date, enrollment_status, grade, grade_points) VALUES ('S2020046', 'SEC0021', '2023-12-03', 'Enrolled', NULL, NULL);
INSERT INTO student_enrollments (student_id, section_id, enrollment_date, enrollment_status, grade, grade_points) VALUES ('S2020046', 'SEC0005', '2022-08-02', 'Enrolled', NULL, NULL);
INSERT INTO student_enrollments (student_id, section_id, enrollment_date, enrollment_status, grade, grade_points) VALUES ('S2020043', 'SEC0004', '2024-06-20', 'Dropped', NULL, NULL);
INSERT INTO student_enrollments (student_id, section_id, enrollment_date, enrollment_status, grade, grade_points) VALUES ('S2020028', 'SEC0020', '2022-02-25', 'Completed', 'D', 1.0);
INSERT INTO student_enrollments (student_id, section_id, enrollment_date, enrollment_status, grade, grade_points) VALUES ('S2020023', 'SEC0033', '2024-08-26', 'Dropped', NULL, NULL);
INSERT INTO student_enrollments (student_id, section_id, enrollment_date, enrollment_status, grade, grade_points) VALUES ('S2020012', 'SEC0010', '2024-03-25', 'Completed', 'B-', 2.7);
INSERT INTO student_enrollments (student_id, section_id, enrollment_date, enrollment_status, grade, grade_points) VALUES ('S2020013', 'SEC0014', '2023-05-01', 'Enrolled', NULL, NULL);
INSERT INTO student_enrollments (student_id, section_id, enrollment_date, enrollment_status, grade, grade_points) VALUES ('S2020013', 'SEC0032', '2024-05-03', 'Withdrawn', NULL, NULL);
INSERT INTO student_enrollments (student_id, section_id, enrollment_date, enrollment_status, grade, grade_points) VALUES ('S2020046', 'SEC0028', '2022-11-12', 'Completed', 'D', 1.0);
INSERT INTO student_enrollments (student_id, section_id, enrollment_date, enrollment_status, grade, grade_points) VALUES ('S2020013', 'SEC0017', '2024-10-26', 'Withdrawn', NULL, NULL);
INSERT INTO student_enrollments (student_id, section_id, enrollment_date, enrollment_status, grade, grade_points) VALUES ('S2020015', 'SEC0007', '2023-06-11', 'Enrolled', NULL, NULL);
INSERT INTO student_enrollments (student_id, section_id, enrollment_date, enrollment_status, grade, grade_points) VALUES ('S2020036', 'SEC0024', '2023-05-02', 'Enrolled', NULL, NULL);
INSERT INTO student_enrollments (student_id, section_id, enrollment_date, enrollment_status, grade, grade_points) VALUES ('S2020006', 'SEC0022', '2022-12-20', 'Withdrawn', NULL, NULL);
INSERT INTO student_enrollments (student_id, section_id, enrollment_date, enrollment_status, grade, grade_points) VALUES ('S2020023', 'SEC0013', '2024-02-06', 'Dropped', NULL, NULL);
INSERT INTO student_enrollments (student_id, section_id, enrollment_date, enrollment_status, grade, grade_points) VALUES ('S2020016', 'SEC0029', '2024-09-02', 'Enrolled', NULL, NULL);
INSERT INTO student_enrollments (student_id, section_id, enrollment_date, enrollment_status, grade, grade_points) VALUES ('S2020044', 'SEC0001', '2022-12-23', 'Withdrawn', NULL, NULL);
INSERT INTO student_enrollments (student_id, section_id, enrollment_date, enrollment_status, grade, grade_points) VALUES ('S2020015', 'SEC0026', '2023-11-12', 'Dropped', NULL, NULL);
INSERT INTO student_enrollments (student_id, section_id, enrollment_date, enrollment_status, grade, grade_points) VALUES ('S2020011', 'SEC0008', '2024-01-18', 'Dropped', NULL, NULL);
INSERT INTO student_enrollments (student_id, section_id, enrollment_date, enrollment_status, grade, grade_points) VALUES ('S2020019', 'SEC0012', '2024-05-19', 'Completed', 'D', 1.0);
INSERT INTO student_enrollments (student_id, section_id, enrollment_date, enrollment_status, grade, grade_points) VALUES ('S2020023', 'SEC0032', '2022-12-02', 'Dropped', NULL, NULL);
INSERT INTO student_enrollments (student_id, section_id, enrollment_date, enrollment_status, grade, grade_points) VALUES ('S2020022', 'SEC0031', '2024-08-28', 'Completed', 'B+', 3.3);
INSERT INTO student_enrollments (student_id, section_id, enrollment_date, enrollment_status, grade, grade_points) VALUES ('S2020036', 'SEC0029', '2024-11-30', 'Completed', 'B+', 3.3);
INSERT INTO student_enrollments (student_id, section_id, enrollment_date, enrollment_status, grade, grade_points) VALUES ('S2020011', 'SEC0026', '2024-09-14', 'Completed', 'B', 3.0);
INSERT INTO student_enrollments (student_id, section_id, enrollment_date, enrollment_status, grade, grade_points) VALUES ('S2020008', 'SEC0031', '2023-12-17', 'Withdrawn', NULL, NULL);
INSERT INTO student_enrollments (student_id, section_id, enrollment_date, enrollment_status, grade, grade_points) VALUES ('S2020007', 'SEC0001', '2023-09-12', 'Enrolled', NULL, NULL);
INSERT INTO student_enrollments (student_id, section_id, enrollment_date, enrollment_status, grade, grade_points) VALUES ('S2020009', 'SEC0013', '2022-08-26', 'Completed', 'D', 1.0);
INSERT INTO student_enrollments (student_id, section_id, enrollment_date, enrollment_status, grade, grade_points) VALUES ('S2020033', 'SEC0031', '2022-07-06', 'Enrolled', NULL, NULL);
INSERT INTO student_enrollments (student_id, section_id, enrollment_date, enrollment_status, grade, grade_points) VALUES ('S2020008', 'SEC0033', '2022-05-18', 'Withdrawn', NULL, NULL);
INSERT INTO student_enrollments (student_id, section_id, enrollment_date, enrollment_status, grade, grade_points) VALUES ('S2020010', 'SEC0016', '2022-10-26', 'Dropped', NULL, NULL);

-- Insert data into exams
INSERT INTO exams (exam_id, section_id, exam_type, exam_date, start_time, duration_minutes, total_points, weight_percentage) VALUES ('E0001', 'SEC0017', 'Oral', '2024-05-16', '10:00:00', 90, 200, 0.3);
INSERT INTO exams (exam_id, section_id, exam_type, exam_date, start_time, duration_minutes, total_points, weight_percentage) VALUES ('E0002', 'SEC0002', 'Oral', '2023-11-14', '12:00:00', 180, 150, 0.4);
INSERT INTO exams (exam_id, section_id, exam_type, exam_date, start_time, duration_minutes, total_points, weight_percentage) VALUES ('E0003', 'SEC0008', 'Practical', '2023-11-01', '11:00:00', 90, 150, 0.4);
INSERT INTO exams (exam_id, section_id, exam_type, exam_date, start_time, duration_minutes, total_points, weight_percentage) VALUES ('E0004', 'SEC0018', 'Midterm', '2024-08-27', '16:00:00', 180, 200, 0.5);
INSERT INTO exams (exam_id, section_id, exam_type, exam_date, start_time, duration_minutes, total_points, weight_percentage) VALUES ('E0005', 'SEC0018', 'Quiz', '2024-01-28', '12:00:00', 120, 200, 0.3);
INSERT INTO exams (exam_id, section_id, exam_type, exam_date, start_time, duration_minutes, total_points, weight_percentage) VALUES ('E0006', 'SEC0014', 'Final', '2024-07-10', '16:00:00', 60, 150, 0.5);
INSERT INTO exams (exam_id, section_id, exam_type, exam_date, start_time, duration_minutes, total_points, weight_percentage) VALUES ('E0007', 'SEC0003', 'Oral', '2023-03-12', '08:00:00', 60, 200, 0.5);
INSERT INTO exams (exam_id, section_id, exam_type, exam_date, start_time, duration_minutes, total_points, weight_percentage) VALUES ('E0008', 'SEC0032', 'Quiz', '2023-06-09', '09:00:00', 120, 200, 0.2);
INSERT INTO exams (exam_id, section_id, exam_type, exam_date, start_time, duration_minutes, total_points, weight_percentage) VALUES ('E0009', 'SEC0011', 'Quiz', '2023-11-18', '09:00:00', 60, 200, 0.5);
INSERT INTO exams (exam_id, section_id, exam_type, exam_date, start_time, duration_minutes, total_points, weight_percentage) VALUES ('E0010', 'SEC0006', 'Quiz', '2024-05-27', '08:00:00', 180, 150, 0.3);
INSERT INTO exams (exam_id, section_id, exam_type, exam_date, start_time, duration_minutes, total_points, weight_percentage) VALUES ('E0011', 'SEC0029', 'Oral', '2023-10-08', '12:00:00', 90, 200, 0.3);
INSERT INTO exams (exam_id, section_id, exam_type, exam_date, start_time, duration_minutes, total_points, weight_percentage) VALUES ('E0012', 'SEC0021', 'Quiz', '2024-10-02', '08:00:00', 180, 200, 0.2);
INSERT INTO exams (exam_id, section_id, exam_type, exam_date, start_time, duration_minutes, total_points, weight_percentage) VALUES ('E0013', 'SEC0011', 'Midterm', '2023-01-03', '12:00:00', 90, 150, 0.5);
INSERT INTO exams (exam_id, section_id, exam_type, exam_date, start_time, duration_minutes, total_points, weight_percentage) VALUES ('E0014', 'SEC0020', 'Practical', '2023-12-14', '13:00:00', 60, 100, 0.5);
INSERT INTO exams (exam_id, section_id, exam_type, exam_date, start_time, duration_minutes, total_points, weight_percentage) VALUES ('E0015', 'SEC0012', 'Oral', '2023-04-13', '08:00:00', 120, 150, 0.3);
INSERT INTO exams (exam_id, section_id, exam_type, exam_date, start_time, duration_minutes, total_points, weight_percentage) VALUES ('E0016', 'SEC0024', 'Practical', '2024-12-01', '13:00:00', 180, 200, 0.2);
INSERT INTO exams (exam_id, section_id, exam_type, exam_date, start_time, duration_minutes, total_points, weight_percentage) VALUES ('E0017', 'SEC0010', 'Final', '2024-06-08', '08:00:00', 60, 100, 0.3);
INSERT INTO exams (exam_id, section_id, exam_type, exam_date, start_time, duration_minutes, total_points, weight_percentage) VALUES ('E0018', 'SEC0022', 'Midterm', '2024-11-08', '14:00:00', 60, 100, 0.2);
INSERT INTO exams (exam_id, section_id, exam_type, exam_date, start_time, duration_minutes, total_points, weight_percentage) VALUES ('E0019', 'SEC0027', 'Oral', '2024-05-21', '13:00:00', 60, 200, 0.5);
INSERT INTO exams (exam_id, section_id, exam_type, exam_date, start_time, duration_minutes, total_points, weight_percentage) VALUES ('E0020', 'SEC0022', 'Quiz', '2023-06-23', '10:00:00', 120, 150, 0.4);
INSERT INTO exams (exam_id, section_id, exam_type, exam_date, start_time, duration_minutes, total_points, weight_percentage) VALUES ('E0021', 'SEC0022', 'Quiz', '2023-05-14', '16:00:00', 180, 200, 0.3);
INSERT INTO exams (exam_id, section_id, exam_type, exam_date, start_time, duration_minutes, total_points, weight_percentage) VALUES ('E0022', 'SEC0021', 'Quiz', '2024-08-15', '09:00:00', 120, 150, 0.4);
INSERT INTO exams (exam_id, section_id, exam_type, exam_date, start_time, duration_minutes, total_points, weight_percentage) VALUES ('E0023', 'SEC0021', 'Quiz', '2023-07-04', '08:00:00', 60, 200, 0.2);
INSERT INTO exams (exam_id, section_id, exam_type, exam_date, start_time, duration_minutes, total_points, weight_percentage) VALUES ('E0024', 'SEC0023', 'Practical', '2024-02-17', '12:00:00', 90, 200, 0.2);
INSERT INTO exams (exam_id, section_id, exam_type, exam_date, start_time, duration_minutes, total_points, weight_percentage) VALUES ('E0025', 'SEC0016', 'Oral', '2023-07-03', '10:00:00', 180, 200, 0.4);
INSERT INTO exams (exam_id, section_id, exam_type, exam_date, start_time, duration_minutes, total_points, weight_percentage) VALUES ('E0026', 'SEC0004', 'Midterm', '2024-07-03', '10:00:00', 180, 100, 0.3);
INSERT INTO exams (exam_id, section_id, exam_type, exam_date, start_time, duration_minutes, total_points, weight_percentage) VALUES ('E0027', 'SEC0022', 'Midterm', '2024-11-26', '13:00:00', 180, 100, 0.4);
INSERT INTO exams (exam_id, section_id, exam_type, exam_date, start_time, duration_minutes, total_points, weight_percentage) VALUES ('E0028', 'SEC0029', 'Practical', '2023-02-07', '15:00:00', 60, 100, 0.2);
INSERT INTO exams (exam_id, section_id, exam_type, exam_date, start_time, duration_minutes, total_points, weight_percentage) VALUES ('E0029', 'SEC0002', 'Midterm', '2023-01-03', '08:00:00', 90, 100, 0.2);
INSERT INTO exams (exam_id, section_id, exam_type, exam_date, start_time, duration_minutes, total_points, weight_percentage) VALUES ('E0030', 'SEC0013', 'Oral', '2024-12-17', '13:00:00', 60, 200, 0.3);
INSERT INTO exams (exam_id, section_id, exam_type, exam_date, start_time, duration_minutes, total_points, weight_percentage) VALUES ('E0031', 'SEC0023', 'Practical', '2023-10-08', '12:00:00', 60, 200, 0.3);
INSERT INTO exams (exam_id, section_id, exam_type, exam_date, start_time, duration_minutes, total_points, weight_percentage) VALUES ('E0032', 'SEC0030', 'Practical', '2024-02-21', '13:00:00', 60, 100, 0.5);
INSERT INTO exams (exam_id, section_id, exam_type, exam_date, start_time, duration_minutes, total_points, weight_percentage) VALUES ('E0033', 'SEC0013', 'Practical', '2023-07-05', '14:00:00', 180, 150, 0.2);
INSERT INTO exams (exam_id, section_id, exam_type, exam_date, start_time, duration_minutes, total_points, weight_percentage) VALUES ('E0034', 'SEC0034', 'Final', '2024-06-22', '13:00:00', 120, 200, 0.2);
INSERT INTO exams (exam_id, section_id, exam_type, exam_date, start_time, duration_minutes, total_points, weight_percentage) VALUES ('E0035', 'SEC0007', 'Practical', '2023-08-20', '11:00:00', 90, 200, 0.3);
INSERT INTO exams (exam_id, section_id, exam_type, exam_date, start_time, duration_minutes, total_points, weight_percentage) VALUES ('E0036', 'SEC0032', 'Oral', '2024-03-11', '11:00:00', 90, 150, 0.2);
INSERT INTO exams (exam_id, section_id, exam_type, exam_date, start_time, duration_minutes, total_points, weight_percentage) VALUES ('E0037', 'SEC0013', 'Quiz', '2024-10-09', '13:00:00', 60, 100, 0.5);
INSERT INTO exams (exam_id, section_id, exam_type, exam_date, start_time, duration_minutes, total_points, weight_percentage) VALUES ('E0038', 'SEC0007', 'Midterm', '2023-06-04', '11:00:00', 90, 100, 0.3);
INSERT INTO exams (exam_id, section_id, exam_type, exam_date, start_time, duration_minutes, total_points, weight_percentage) VALUES ('E0039', 'SEC0033', 'Practical', '2024-11-02', '13:00:00', 120, 100, 0.4);
INSERT INTO exams (exam_id, section_id, exam_type, exam_date, start_time, duration_minutes, total_points, weight_percentage) VALUES ('E0040', 'SEC0024', 'Midterm', '2024-12-20', '13:00:00', 120, 150, 0.2);

-- Insert data into exam_scores
INSERT INTO exam_scores (exam_id, student_id, score, percentage, grade, submitted_date) VALUES ('E0006', 'S2020023', 91.4, 91.4, 'A', '2025-11-12 18:04:45');
INSERT INTO exam_scores (exam_id, student_id, score, percentage, grade, submitted_date) VALUES ('E0012', 'S2020038', 89.19, 89.19, 'B', '2025-11-12 18:04:45');
INSERT INTO exam_scores (exam_id, student_id, score, percentage, grade, submitted_date) VALUES ('E0001', 'S2020043', 97.5, 97.5, 'A', '2025-11-12 18:04:45');
INSERT INTO exam_scores (exam_id, student_id, score, percentage, grade, submitted_date) VALUES ('E0007', 'S2020019', 50.02, 50.02, 'F', '2025-11-12 18:04:45');
INSERT INTO exam_scores (exam_id, student_id, score, percentage, grade, submitted_date) VALUES ('E0038', 'S2020037', 68.09, 68.09, 'D', '2025-11-12 18:04:45');
INSERT INTO exam_scores (exam_id, student_id, score, percentage, grade, submitted_date) VALUES ('E0023', 'S2020033', 64.2, 64.2, 'D', '2025-11-12 18:04:45');
INSERT INTO exam_scores (exam_id, student_id, score, percentage, grade, submitted_date) VALUES ('E0037', 'S2020003', 60.46, 60.46, 'D', '2025-11-12 18:04:45');
INSERT INTO exam_scores (exam_id, student_id, score, percentage, grade, submitted_date) VALUES ('E0016', 'S2020002', 67.4, 67.4, 'D', '2025-11-12 18:04:45');
INSERT INTO exam_scores (exam_id, student_id, score, percentage, grade, submitted_date) VALUES ('E0009', 'S2020023', 81.63, 81.63, 'B', '2025-11-12 18:04:45');
INSERT INTO exam_scores (exam_id, student_id, score, percentage, grade, submitted_date) VALUES ('E0037', 'S2020023', 50.95, 50.95, 'F', '2025-11-12 18:04:45');
INSERT INTO exam_scores (exam_id, student_id, score, percentage, grade, submitted_date) VALUES ('E0011', 'S2020036', 75.98, 75.98, 'C', '2025-11-12 18:04:45');
INSERT INTO exam_scores (exam_id, student_id, score, percentage, grade, submitted_date) VALUES ('E0039', 'S2020030', 88.03, 88.03, 'B', '2025-11-12 18:04:45');
INSERT INTO exam_scores (exam_id, student_id, score, percentage, grade, submitted_date) VALUES ('E0031', 'S2020034', 56.55, 56.55, 'F', '2025-11-12 18:04:45');
INSERT INTO exam_scores (exam_id, student_id, score, percentage, grade, submitted_date) VALUES ('E0015', 'S2020002', 59.8, 59.8, 'F', '2025-11-12 18:04:45');
INSERT INTO exam_scores (exam_id, student_id, score, percentage, grade, submitted_date) VALUES ('E0013', 'S2020015', 91.76, 91.76, 'A', '2025-11-12 18:04:45');
INSERT INTO exam_scores (exam_id, student_id, score, percentage, grade, submitted_date) VALUES ('E0008', 'S2020009', 56.5, 56.5, 'F', '2025-11-12 18:04:45');
INSERT INTO exam_scores (exam_id, student_id, score, percentage, grade, submitted_date) VALUES ('E0020', 'S2020025', 91.37, 91.37, 'A', '2025-11-12 18:04:45');
INSERT INTO exam_scores (exam_id, student_id, score, percentage, grade, submitted_date) VALUES ('E0023', 'S2020038', 91.96, 91.96, 'A', '2025-11-12 18:04:45');
INSERT INTO exam_scores (exam_id, student_id, score, percentage, grade, submitted_date) VALUES ('E0038', 'S2020044', 90.42, 90.42, 'A', '2025-11-12 18:04:45');
INSERT INTO exam_scores (exam_id, student_id, score, percentage, grade, submitted_date) VALUES ('E0027', 'S2020013', 89.71, 89.71, 'B', '2025-11-12 18:04:45');
INSERT INTO exam_scores (exam_id, student_id, score, percentage, grade, submitted_date) VALUES ('E0007', 'S2020015', 64.4, 64.4, 'D', '2025-11-12 18:04:45');
INSERT INTO exam_scores (exam_id, student_id, score, percentage, grade, submitted_date) VALUES ('E0013', 'S2020001', 60.99, 60.99, 'D', '2025-11-12 18:04:45');
INSERT INTO exam_scores (exam_id, student_id, score, percentage, grade, submitted_date) VALUES ('E0004', 'S2020027', 69.9, 69.9, 'D', '2025-11-12 18:04:45');
INSERT INTO exam_scores (exam_id, student_id, score, percentage, grade, submitted_date) VALUES ('E0023', 'S2020006', 55.34, 55.34, 'F', '2025-11-12 18:04:45');
INSERT INTO exam_scores (exam_id, student_id, score, percentage, grade, submitted_date) VALUES ('E0020', 'S2020035', 56.22, 56.22, 'F', '2025-11-12 18:04:45');
INSERT INTO exam_scores (exam_id, student_id, score, percentage, grade, submitted_date) VALUES ('E0039', 'S2020017', 93.57, 93.57, 'A', '2025-11-12 18:04:45');
INSERT INTO exam_scores (exam_id, student_id, score, percentage, grade, submitted_date) VALUES ('E0005', 'S2020006', 51.85, 51.85, 'F', '2025-11-12 18:04:45');
INSERT INTO exam_scores (exam_id, student_id, score, percentage, grade, submitted_date) VALUES ('E0020', 'S2020027', 83.84, 83.84, 'B', '2025-11-12 18:04:45');
INSERT INTO exam_scores (exam_id, student_id, score, percentage, grade, submitted_date) VALUES ('E0003', 'S2020005', 89.76, 89.76, 'B', '2025-11-12 18:04:45');
INSERT INTO exam_scores (exam_id, student_id, score, percentage, grade, submitted_date) VALUES ('E0016', 'S2020039', 72.37, 72.37, 'C', '2025-11-12 18:04:45');
INSERT INTO exam_scores (exam_id, student_id, score, percentage, grade, submitted_date) VALUES ('E0037', 'S2020048', 86.76, 86.76, 'B', '2025-11-12 18:04:45');
INSERT INTO exam_scores (exam_id, student_id, score, percentage, grade, submitted_date) VALUES ('E0015', 'S2020010', 96.83, 96.83, 'A', '2025-11-12 18:04:45');
INSERT INTO exam_scores (exam_id, student_id, score, percentage, grade, submitted_date) VALUES ('E0005', 'S2020001', 51.9, 51.9, 'F', '2025-11-12 18:04:45');
INSERT INTO exam_scores (exam_id, student_id, score, percentage, grade, submitted_date) VALUES ('E0014', 'S2020035', 58.46, 58.46, 'F', '2025-11-12 18:04:45');
INSERT INTO exam_scores (exam_id, student_id, score, percentage, grade, submitted_date) VALUES ('E0040', 'S2020000', 71.95, 71.95, 'C', '2025-11-12 18:04:45');
INSERT INTO exam_scores (exam_id, student_id, score, percentage, grade, submitted_date) VALUES ('E0016', 'S2020022', 61.96, 61.96, 'D', '2025-11-12 18:04:45');
INSERT INTO exam_scores (exam_id, student_id, score, percentage, grade, submitted_date) VALUES ('E0006', 'S2020047', 71.48, 71.48, 'C', '2025-11-12 18:04:45');
INSERT INTO exam_scores (exam_id, student_id, score, percentage, grade, submitted_date) VALUES ('E0024', 'S2020018', 84.88, 84.88, 'B', '2025-11-12 18:04:45');
INSERT INTO exam_scores (exam_id, student_id, score, percentage, grade, submitted_date) VALUES ('E0031', 'S2020048', 68.73, 68.73, 'D', '2025-11-12 18:04:45');
INSERT INTO exam_scores (exam_id, student_id, score, percentage, grade, submitted_date) VALUES ('E0001', 'S2020044', 58.2, 58.2, 'F', '2025-11-12 18:04:45');
INSERT INTO exam_scores (exam_id, student_id, score, percentage, grade, submitted_date) VALUES ('E0025', 'S2020015', 64.3, 64.3, 'D', '2025-11-12 18:04:45');
INSERT INTO exam_scores (exam_id, student_id, score, percentage, grade, submitted_date) VALUES ('E0009', 'S2020039', 52.58, 52.58, 'F', '2025-11-12 18:04:45');
INSERT INTO exam_scores (exam_id, student_id, score, percentage, grade, submitted_date) VALUES ('E0003', 'S2020045', 71.76, 71.76, 'C', '2025-11-12 18:04:45');
INSERT INTO exam_scores (exam_id, student_id, score, percentage, grade, submitted_date) VALUES ('E0035', 'S2020012', 60.03, 60.03, 'D', '2025-11-12 18:04:45');
INSERT INTO exam_scores (exam_id, student_id, score, percentage, grade, submitted_date) VALUES ('E0018', 'S2020006', 97.68, 97.68, 'A', '2025-11-12 18:04:45');
INSERT INTO exam_scores (exam_id, student_id, score, percentage, grade, submitted_date) VALUES ('E0012', 'S2020019', 94.9, 94.9, 'A', '2025-11-12 18:04:45');
INSERT INTO exam_scores (exam_id, student_id, score, percentage, grade, submitted_date) VALUES ('E0024', 'S2020017', 98.78, 98.78, 'A', '2025-11-12 18:04:45');
INSERT INTO exam_scores (exam_id, student_id, score, percentage, grade, submitted_date) VALUES ('E0027', 'S2020028', 99.5, 99.5, 'A', '2025-11-12 18:04:45');
INSERT INTO exam_scores (exam_id, student_id, score, percentage, grade, submitted_date) VALUES ('E0013', 'S2020049', 58.95, 58.95, 'F', '2025-11-12 18:04:45');
INSERT INTO exam_scores (exam_id, student_id, score, percentage, grade, submitted_date) VALUES ('E0027', 'S2020032', 98.57, 98.57, 'A', '2025-11-12 18:04:45');

-- Insert data into class_sessions
INSERT INTO class_sessions (session_id, section_id, session_date, session_number, topic, notes) VALUES ('SESS0001', 'SEC0017', '2024-11-30', 1, 'Topic 1', 'Session notes for topic 1');
INSERT INTO class_sessions (session_id, section_id, session_date, session_number, topic, notes) VALUES ('SESS0002', 'SEC0007', '2023-07-21', 2, 'Topic 2', 'Session notes for topic 2');
INSERT INTO class_sessions (session_id, section_id, session_date, session_number, topic, notes) VALUES ('SESS0003', 'SEC0028', '2023-10-24', 3, 'Topic 3', 'Session notes for topic 3');
INSERT INTO class_sessions (session_id, section_id, session_date, session_number, topic, notes) VALUES ('SESS0004', 'SEC0034', '2023-09-18', 4, 'Topic 4', 'Session notes for topic 4');
INSERT INTO class_sessions (session_id, section_id, session_date, session_number, topic, notes) VALUES ('SESS0005', 'SEC0021', '2024-04-27', 5, 'Topic 5', 'Session notes for topic 5');
INSERT INTO class_sessions (session_id, section_id, session_date, session_number, topic, notes) VALUES ('SESS0006', 'SEC0035', '2024-09-01', 6, 'Topic 6', 'Session notes for topic 6');
INSERT INTO class_sessions (session_id, section_id, session_date, session_number, topic, notes) VALUES ('SESS0007', 'SEC0018', '2024-10-21', 7, 'Topic 7', 'Session notes for topic 7');
INSERT INTO class_sessions (session_id, section_id, session_date, session_number, topic, notes) VALUES ('SESS0008', 'SEC0013', '2024-04-06', 8, 'Topic 8', 'Session notes for topic 8');
INSERT INTO class_sessions (session_id, section_id, session_date, session_number, topic, notes) VALUES ('SESS0009', 'SEC0023', '2023-07-10', 9, 'Topic 9', 'Session notes for topic 9');
INSERT INTO class_sessions (session_id, section_id, session_date, session_number, topic, notes) VALUES ('SESS0010', 'SEC0026', '2023-01-10', 10, 'Topic 10', 'Session notes for topic 10');
INSERT INTO class_sessions (session_id, section_id, session_date, session_number, topic, notes) VALUES ('SESS0011', 'SEC0030', '2024-05-30', 11, 'Topic 11', 'Session notes for topic 11');
INSERT INTO class_sessions (session_id, section_id, session_date, session_number, topic, notes) VALUES ('SESS0012', 'SEC0003', '2023-06-21', 12, 'Topic 12', 'Session notes for topic 12');
INSERT INTO class_sessions (session_id, section_id, session_date, session_number, topic, notes) VALUES ('SESS0013', 'SEC0019', '2023-02-16', 13, 'Topic 13', 'Session notes for topic 13');
INSERT INTO class_sessions (session_id, section_id, session_date, session_number, topic, notes) VALUES ('SESS0014', 'SEC0019', '2023-05-31', 14, 'Topic 14', 'Session notes for topic 14');
INSERT INTO class_sessions (session_id, section_id, session_date, session_number, topic, notes) VALUES ('SESS0015', 'SEC0032', '2024-10-31', 15, 'Topic 15', 'Session notes for topic 15');
INSERT INTO class_sessions (session_id, section_id, session_date, session_number, topic, notes) VALUES ('SESS0016', 'SEC0005', '2023-04-14', 16, 'Topic 16', 'Session notes for topic 16');
INSERT INTO class_sessions (session_id, section_id, session_date, session_number, topic, notes) VALUES ('SESS0017', 'SEC0026', '2024-01-31', 17, 'Topic 17', 'Session notes for topic 17');
INSERT INTO class_sessions (session_id, section_id, session_date, session_number, topic, notes) VALUES ('SESS0018', 'SEC0023', '2023-04-21', 18, 'Topic 18', 'Session notes for topic 18');
INSERT INTO class_sessions (session_id, section_id, session_date, session_number, topic, notes) VALUES ('SESS0019', 'SEC0021', '2024-09-30', 19, 'Topic 19', 'Session notes for topic 19');
INSERT INTO class_sessions (session_id, section_id, session_date, session_number, topic, notes) VALUES ('SESS0020', 'SEC0008', '2024-01-27', 20, 'Topic 20', 'Session notes for topic 20');
INSERT INTO class_sessions (session_id, section_id, session_date, session_number, topic, notes) VALUES ('SESS0021', 'SEC0012', '2024-10-27', 21, 'Topic 21', 'Session notes for topic 21');
INSERT INTO class_sessions (session_id, section_id, session_date, session_number, topic, notes) VALUES ('SESS0022', 'SEC0008', '2024-07-25', 22, 'Topic 22', 'Session notes for topic 22');
INSERT INTO class_sessions (session_id, section_id, session_date, session_number, topic, notes) VALUES ('SESS0023', 'SEC0006', '2024-11-13', 23, 'Topic 23', 'Session notes for topic 23');
INSERT INTO class_sessions (session_id, section_id, session_date, session_number, topic, notes) VALUES ('SESS0024', 'SEC0012', '2024-02-22', 24, 'Topic 24', 'Session notes for topic 24');
INSERT INTO class_sessions (session_id, section_id, session_date, session_number, topic, notes) VALUES ('SESS0025', 'SEC0019', '2024-05-02', 25, 'Topic 25', 'Session notes for topic 25');
INSERT INTO class_sessions (session_id, section_id, session_date, session_number, topic, notes) VALUES ('SESS0026', 'SEC0031', '2023-10-18', 26, 'Topic 26', 'Session notes for topic 26');
INSERT INTO class_sessions (session_id, section_id, session_date, session_number, topic, notes) VALUES ('SESS0027', 'SEC0023', '2024-02-03', 27, 'Topic 27', 'Session notes for topic 27');
INSERT INTO class_sessions (session_id, section_id, session_date, session_number, topic, notes) VALUES ('SESS0028', 'SEC0002', '2024-11-23', 28, 'Topic 28', 'Session notes for topic 28');
INSERT INTO class_sessions (session_id, section_id, session_date, session_number, topic, notes) VALUES ('SESS0029', 'SEC0010', '2024-02-08', 29, 'Topic 29', 'Session notes for topic 29');
INSERT INTO class_sessions (session_id, section_id, session_date, session_number, topic, notes) VALUES ('SESS0030', 'SEC0018', '2023-08-31', 30, 'Topic 30', 'Session notes for topic 30');
INSERT INTO class_sessions (session_id, section_id, session_date, session_number, topic, notes) VALUES ('SESS0031', 'SEC0025', '2023-09-24', 31, 'Topic 31', 'Session notes for topic 31');
INSERT INTO class_sessions (session_id, section_id, session_date, session_number, topic, notes) VALUES ('SESS0032', 'SEC0007', '2024-06-21', 32, 'Topic 32', 'Session notes for topic 32');
INSERT INTO class_sessions (session_id, section_id, session_date, session_number, topic, notes) VALUES ('SESS0033', 'SEC0001', '2024-09-02', 33, 'Topic 33', 'Session notes for topic 33');
INSERT INTO class_sessions (session_id, section_id, session_date, session_number, topic, notes) VALUES ('SESS0034', 'SEC0019', '2024-10-29', 34, 'Topic 34', 'Session notes for topic 34');
INSERT INTO class_sessions (session_id, section_id, session_date, session_number, topic, notes) VALUES ('SESS0035', 'SEC0030', '2023-11-20', 35, 'Topic 35', 'Session notes for topic 35');

-- Insert data into attendance_records
INSERT INTO attendance_records (session_id, student_id, status, check_in_time, notes) VALUES ('SESS0004', 'S2020033', 'Absent', NULL, NULL);
INSERT INTO attendance_records (session_id, student_id, status, check_in_time, notes) VALUES ('SESS0024', 'S2020019', 'Excused', NULL, NULL);
INSERT INTO attendance_records (session_id, student_id, status, check_in_time, notes) VALUES ('SESS0004', 'S2020013', 'Late', '10:57:00', 'Late arrival');
INSERT INTO attendance_records (session_id, student_id, status, check_in_time, notes) VALUES ('SESS0002', 'S2020001', 'Excused', NULL, NULL);
INSERT INTO attendance_records (session_id, student_id, status, check_in_time, notes) VALUES ('SESS0014', 'S2020032', 'Late', '08:41:00', 'Late arrival');
INSERT INTO attendance_records (session_id, student_id, status, check_in_time, notes) VALUES ('SESS0001', 'S2020022', 'Late', '09:22:00', 'Late arrival');
INSERT INTO attendance_records (session_id, student_id, status, check_in_time, notes) VALUES ('SESS0006', 'S2020004', 'Late', '08:56:00', 'Late arrival');
INSERT INTO attendance_records (session_id, student_id, status, check_in_time, notes) VALUES ('SESS0034', 'S2020011', 'Absent', NULL, NULL);
INSERT INTO attendance_records (session_id, student_id, status, check_in_time, notes) VALUES ('SESS0006', 'S2020027', 'Absent', NULL, NULL);
INSERT INTO attendance_records (session_id, student_id, status, check_in_time, notes) VALUES ('SESS0025', 'S2020023', 'Late', '10:02:00', 'Late arrival');
INSERT INTO attendance_records (session_id, student_id, status, check_in_time, notes) VALUES ('SESS0005', 'S2020042', 'Absent', NULL, NULL);
INSERT INTO attendance_records (session_id, student_id, status, check_in_time, notes) VALUES ('SESS0008', 'S2020042', 'Present', '09:55:00', NULL);
INSERT INTO attendance_records (session_id, student_id, status, check_in_time, notes) VALUES ('SESS0031', 'S2020035', 'Present', '09:01:00', NULL);
INSERT INTO attendance_records (session_id, student_id, status, check_in_time, notes) VALUES ('SESS0011', 'S2020042', 'Late', '09:16:00', 'Late arrival');
INSERT INTO attendance_records (session_id, student_id, status, check_in_time, notes) VALUES ('SESS0015', 'S2020016', 'Present', '08:30:00', NULL);
INSERT INTO attendance_records (session_id, student_id, status, check_in_time, notes) VALUES ('SESS0016', 'S2020017', 'Present', '09:22:00', NULL);
INSERT INTO attendance_records (session_id, student_id, status, check_in_time, notes) VALUES ('SESS0020', 'S2020033', 'Late', '09:34:00', 'Late arrival');
INSERT INTO attendance_records (session_id, student_id, status, check_in_time, notes) VALUES ('SESS0012', 'S2020046', 'Excused', NULL, NULL);
INSERT INTO attendance_records (session_id, student_id, status, check_in_time, notes) VALUES ('SESS0002', 'S2020036', 'Late', '08:01:00', 'Late arrival');
INSERT INTO attendance_records (session_id, student_id, status, check_in_time, notes) VALUES ('SESS0018', 'S2020022', 'Present', '09:10:00', NULL);
INSERT INTO attendance_records (session_id, student_id, status, check_in_time, notes) VALUES ('SESS0005', 'S2020028', 'Absent', NULL, NULL);
INSERT INTO attendance_records (session_id, student_id, status, check_in_time, notes) VALUES ('SESS0005', 'S2020016', 'Absent', NULL, NULL);
INSERT INTO attendance_records (session_id, student_id, status, check_in_time, notes) VALUES ('SESS0033', 'S2020026', 'Excused', NULL, NULL);
INSERT INTO attendance_records (session_id, student_id, status, check_in_time, notes) VALUES ('SESS0010', 'S2020011', 'Excused', NULL, NULL);
INSERT INTO attendance_records (session_id, student_id, status, check_in_time, notes) VALUES ('SESS0020', 'S2020001', 'Present', '10:14:00', NULL);
INSERT INTO attendance_records (session_id, student_id, status, check_in_time, notes) VALUES ('SESS0022', 'S2020010', 'Absent', NULL, NULL);
INSERT INTO attendance_records (session_id, student_id, status, check_in_time, notes) VALUES ('SESS0015', 'S2020039', 'Absent', NULL, NULL);
INSERT INTO attendance_records (session_id, student_id, status, check_in_time, notes) VALUES ('SESS0021', 'S2020039', 'Present', '08:30:00', NULL);
INSERT INTO attendance_records (session_id, student_id, status, check_in_time, notes) VALUES ('SESS0009', 'S2020046', 'Excused', NULL, NULL);
INSERT INTO attendance_records (session_id, student_id, status, check_in_time, notes) VALUES ('SESS0003', 'S2020019', 'Present', '10:26:00', NULL);
INSERT INTO attendance_records (session_id, student_id, status, check_in_time, notes) VALUES ('SESS0028', 'S2020010', 'Excused', NULL, NULL);
INSERT INTO attendance_records (session_id, student_id, status, check_in_time, notes) VALUES ('SESS0018', 'S2020017', 'Late', '10:26:00', 'Late arrival');
INSERT INTO attendance_records (session_id, student_id, status, check_in_time, notes) VALUES ('SESS0005', 'S2020031', 'Present', '09:37:00', NULL);
INSERT INTO attendance_records (session_id, student_id, status, check_in_time, notes) VALUES ('SESS0032', 'S2020005', 'Late', '08:41:00', 'Late arrival');
INSERT INTO attendance_records (session_id, student_id, status, check_in_time, notes) VALUES ('SESS0019', 'S2020007', 'Absent', NULL, NULL);
INSERT INTO attendance_records (session_id, student_id, status, check_in_time, notes) VALUES ('SESS0030', 'S2020008', 'Late', '10:14:00', 'Late arrival');
INSERT INTO attendance_records (session_id, student_id, status, check_in_time, notes) VALUES ('SESS0006', 'S2020017', 'Late', '09:24:00', 'Late arrival');
INSERT INTO attendance_records (session_id, student_id, status, check_in_time, notes) VALUES ('SESS0023', 'S2020038', 'Present', '08:23:00', NULL);
INSERT INTO attendance_records (session_id, student_id, status, check_in_time, notes) VALUES ('SESS0011', 'S2020010', 'Excused', NULL, NULL);
INSERT INTO attendance_records (session_id, student_id, status, check_in_time, notes) VALUES ('SESS0001', 'S2020045', 'Late', '08:54:00', 'Late arrival');
INSERT INTO attendance_records (session_id, student_id, status, check_in_time, notes) VALUES ('SESS0031', 'S2020036', 'Excused', NULL, NULL);
INSERT INTO attendance_records (session_id, student_id, status, check_in_time, notes) VALUES ('SESS0024', 'S2020008', 'Excused', NULL, NULL);
INSERT INTO attendance_records (session_id, student_id, status, check_in_time, notes) VALUES ('SESS0026', 'S2020010', 'Absent', NULL, NULL);
INSERT INTO attendance_records (session_id, student_id, status, check_in_time, notes) VALUES ('SESS0026', 'S2020012', 'Absent', NULL, NULL);
INSERT INTO attendance_records (session_id, student_id, status, check_in_time, notes) VALUES ('SESS0009', 'S2020024', 'Excused', NULL, NULL);
INSERT INTO attendance_records (session_id, student_id, status, check_in_time, notes) VALUES ('SESS0022', 'S2020020', 'Late', '09:11:00', 'Late arrival');
INSERT INTO attendance_records (session_id, student_id, status, check_in_time, notes) VALUES ('SESS0012', 'S2020026', 'Absent', NULL, NULL);
INSERT INTO attendance_records (session_id, student_id, status, check_in_time, notes) VALUES ('SESS0017', 'S2020002', 'Absent', NULL, NULL);
INSERT INTO attendance_records (session_id, student_id, status, check_in_time, notes) VALUES ('SESS0031', 'S2020013', 'Late', '08:55:00', 'Late arrival');
INSERT INTO attendance_records (session_id, student_id, status, check_in_time, notes) VALUES ('SESS0023', 'S2020023', 'Excused', NULL, NULL);

-- Insert data into majors
INSERT INTO majors (major_id, major_name, program_id, department_id, description) VALUES ('MAJ001', '临床医学', 'PROG001', 'DEPT002', '临床医学专业');
INSERT INTO majors (major_id, major_name, program_id, department_id, description) VALUES ('MAJ002', '基础医学', 'PROG002', 'DEPT001', '基础医学专业');
INSERT INTO majors (major_id, major_name, program_id, department_id, description) VALUES ('MAJ003', '预防医学', 'PROG003', 'DEPT003', '预防医学专业');
INSERT INTO majors (major_id, major_name, program_id, department_id, description) VALUES ('MAJ004', '药学', 'PROG004', 'DEPT004', '药学专业');
INSERT INTO majors (major_id, major_name, program_id, department_id, description) VALUES ('MAJ005', '护理学', 'PROG005', 'DEPT005', '护理学专业');

-- Insert data into student_majors
INSERT INTO student_majors (student_id, major_id, start_date, end_date, is_primary) VALUES ('S2020046', 'MAJ003', '2021-02-18', '2024-03-20', 1);
INSERT INTO student_majors (student_id, major_id, start_date, end_date, is_primary) VALUES ('S2020043', 'MAJ005', '2023-06-09', '2024-07-30', 1);
INSERT INTO student_majors (student_id, major_id, start_date, end_date, is_primary) VALUES ('S2020026', 'MAJ004', '2022-08-13', NULL, 1);
INSERT INTO student_majors (student_id, major_id, start_date, end_date, is_primary) VALUES ('S2020028', 'MAJ003', '2020-06-09', '2025-12-23', 1);
INSERT INTO student_majors (student_id, major_id, start_date, end_date, is_primary) VALUES ('S2020024', 'MAJ004', '2023-11-28', NULL, 1);
INSERT INTO student_majors (student_id, major_id, start_date, end_date, is_primary) VALUES ('S2020046', 'MAJ003', '2023-04-03', NULL, 1);
INSERT INTO student_majors (student_id, major_id, start_date, end_date, is_primary) VALUES ('S2020017', 'MAJ001', '2023-08-22', '2025-05-26', 1);
INSERT INTO student_majors (student_id, major_id, start_date, end_date, is_primary) VALUES ('S2020016', 'MAJ005', '2022-02-03', NULL, 1);
INSERT INTO student_majors (student_id, major_id, start_date, end_date, is_primary) VALUES ('S2020023', 'MAJ001', '2022-03-02', NULL, 1);
INSERT INTO student_majors (student_id, major_id, start_date, end_date, is_primary) VALUES ('S2020034', 'MAJ005', '2023-07-01', '2025-05-20', 1);
INSERT INTO student_majors (student_id, major_id, start_date, end_date, is_primary) VALUES ('S2020045', 'MAJ001', '2020-10-17', NULL, 1);
INSERT INTO student_majors (student_id, major_id, start_date, end_date, is_primary) VALUES ('S2020042', 'MAJ003', '2020-05-16', NULL, 1);
INSERT INTO student_majors (student_id, major_id, start_date, end_date, is_primary) VALUES ('S2020044', 'MAJ002', '2022-10-29', NULL, 1);
INSERT INTO student_majors (student_id, major_id, start_date, end_date, is_primary) VALUES ('S2020027', 'MAJ005', '2020-12-24', NULL, 1);
INSERT INTO student_majors (student_id, major_id, start_date, end_date, is_primary) VALUES ('S2020014', 'MAJ001', '2023-06-20', NULL, 1);
INSERT INTO student_majors (student_id, major_id, start_date, end_date, is_primary) VALUES ('S2020004', 'MAJ004', '2020-02-02', '2025-01-17', 1);
INSERT INTO student_majors (student_id, major_id, start_date, end_date, is_primary) VALUES ('S2020031', 'MAJ004', '2021-12-04', NULL, 1);
INSERT INTO student_majors (student_id, major_id, start_date, end_date, is_primary) VALUES ('S2020013', 'MAJ002', '2021-06-22', NULL, 1);
INSERT INTO student_majors (student_id, major_id, start_date, end_date, is_primary) VALUES ('S2020023', 'MAJ002', '2021-08-12', '2025-08-25', 1);
INSERT INTO student_majors (student_id, major_id, start_date, end_date, is_primary) VALUES ('S2020028', 'MAJ005', '2023-06-13', NULL, 1);
INSERT INTO student_majors (student_id, major_id, start_date, end_date, is_primary) VALUES ('S2020021', 'MAJ003', '2020-01-16', NULL, 1);
INSERT INTO student_majors (student_id, major_id, start_date, end_date, is_primary) VALUES ('S2020030', 'MAJ001', '2023-03-26', NULL, 1);
INSERT INTO student_majors (student_id, major_id, start_date, end_date, is_primary) VALUES ('S2020012', 'MAJ005', '2020-05-24', '2025-02-13', 1);
INSERT INTO student_majors (student_id, major_id, start_date, end_date, is_primary) VALUES ('S2020032', 'MAJ004', '2021-08-12', NULL, 1);
INSERT INTO student_majors (student_id, major_id, start_date, end_date, is_primary) VALUES ('S2020033', 'MAJ002', '2022-02-16', '2025-11-03', 1);
INSERT INTO student_majors (student_id, major_id, start_date, end_date, is_primary) VALUES ('S2020046', 'MAJ001', '2020-07-07', NULL, 1);
INSERT INTO student_majors (student_id, major_id, start_date, end_date, is_primary) VALUES ('S2020030', 'MAJ003', '2023-09-13', NULL, 1);
INSERT INTO student_majors (student_id, major_id, start_date, end_date, is_primary) VALUES ('S2020031', 'MAJ005', '2022-04-27', '2024-08-26', 1);
INSERT INTO student_majors (student_id, major_id, start_date, end_date, is_primary) VALUES ('S2020006', 'MAJ005', '2022-07-09', NULL, 1);
INSERT INTO student_majors (student_id, major_id, start_date, end_date, is_primary) VALUES ('S2020028', 'MAJ005', '2023-01-10', '2024-10-04', 1);
INSERT INTO student_majors (student_id, major_id, start_date, end_date, is_primary) VALUES ('S2020025', 'MAJ003', '2022-12-13', NULL, 1);
INSERT INTO student_majors (student_id, major_id, start_date, end_date, is_primary) VALUES ('S2020039', 'MAJ003', '2022-07-20', NULL, 1);
INSERT INTO student_majors (student_id, major_id, start_date, end_date, is_primary) VALUES ('S2020041', 'MAJ001', '2020-03-02', '2024-09-11', 1);
INSERT INTO student_majors (student_id, major_id, start_date, end_date, is_primary) VALUES ('S2020034', 'MAJ005', '2021-12-07', NULL, 1);
INSERT INTO student_majors (student_id, major_id, start_date, end_date, is_primary) VALUES ('S2020017', 'MAJ002', '2022-05-04', NULL, 1);
INSERT INTO student_majors (student_id, major_id, start_date, end_date, is_primary) VALUES ('S2020000', 'MAJ005', '2020-06-28', NULL, 1);
INSERT INTO student_majors (student_id, major_id, start_date, end_date, is_primary) VALUES ('S2020039', 'MAJ001', '2023-10-25', '2024-01-28', 1);
INSERT INTO student_majors (student_id, major_id, start_date, end_date, is_primary) VALUES ('S2020040', 'MAJ002', '2023-03-30', '2024-01-02', 1);
INSERT INTO student_majors (student_id, major_id, start_date, end_date, is_primary) VALUES ('S2020010', 'MAJ002', '2023-12-17', '2023-05-08', 1);
INSERT INTO student_majors (student_id, major_id, start_date, end_date, is_primary) VALUES ('S2020019', 'MAJ001', '2022-04-21', '2025-08-24', 1);
INSERT INTO student_majors (student_id, major_id, start_date, end_date, is_primary) VALUES ('S2020002', 'MAJ001', '2023-04-20', NULL, 1);
INSERT INTO student_majors (student_id, major_id, start_date, end_date, is_primary) VALUES ('S2020048', 'MAJ004', '2022-03-07', '2023-01-19', 1);
INSERT INTO student_majors (student_id, major_id, start_date, end_date, is_primary) VALUES ('S2020011', 'MAJ003', '2020-09-01', '2023-11-09', 1);
INSERT INTO student_majors (student_id, major_id, start_date, end_date, is_primary) VALUES ('S2020021', 'MAJ003', '2021-01-27', NULL, 1);
INSERT INTO student_majors (student_id, major_id, start_date, end_date, is_primary) VALUES ('S2020026', 'MAJ003', '2021-06-08', '2025-03-10', 1);

-- Insert data into student_graduation_status
INSERT INTO student_graduation_status (student_id, total_credits_earned, gpa, requirements_met, expected_graduation_date, actual_graduation_date) VALUES ('S2020049', 216.5, 3.99, 1, '2026-03-07', '2024-10-15');
INSERT INTO student_graduation_status (student_id, total_credits_earned, gpa, requirements_met, expected_graduation_date, actual_graduation_date) VALUES ('S2020006', 184.0, 2.52, 1, '2025-03-12', NULL);
INSERT INTO student_graduation_status (student_id, total_credits_earned, gpa, requirements_met, expected_graduation_date, actual_graduation_date) VALUES ('S2020035', 150.9, 2.7, 0, '2025-11-23', NULL);
INSERT INTO student_graduation_status (student_id, total_credits_earned, gpa, requirements_met, expected_graduation_date, actual_graduation_date) VALUES ('S2020041', 207.9, 3.19, 1, '2026-01-05', '2024-09-08');
INSERT INTO student_graduation_status (student_id, total_credits_earned, gpa, requirements_met, expected_graduation_date, actual_graduation_date) VALUES ('S2020010', 171.3, 3.02, 0, '2025-08-08', NULL);
INSERT INTO student_graduation_status (student_id, total_credits_earned, gpa, requirements_met, expected_graduation_date, actual_graduation_date) VALUES ('S2020049', 158.3, 3.94, 0, '2025-07-07', NULL);
INSERT INTO student_graduation_status (student_id, total_credits_earned, gpa, requirements_met, expected_graduation_date, actual_graduation_date) VALUES ('S2020036', 151.4, 3.99, 0, '2024-01-12', NULL);
INSERT INTO student_graduation_status (student_id, total_credits_earned, gpa, requirements_met, expected_graduation_date, actual_graduation_date) VALUES ('S2020038', 126.2, 2.93, 0, '2024-10-15', NULL);
INSERT INTO student_graduation_status (student_id, total_credits_earned, gpa, requirements_met, expected_graduation_date, actual_graduation_date) VALUES ('S2020033', 171.5, 3.99, 0, '2025-01-04', NULL);
INSERT INTO student_graduation_status (student_id, total_credits_earned, gpa, requirements_met, expected_graduation_date, actual_graduation_date) VALUES ('S2020044', 139.3, 3.33, 0, '2024-07-25', NULL);
INSERT INTO student_graduation_status (student_id, total_credits_earned, gpa, requirements_met, expected_graduation_date, actual_graduation_date) VALUES ('S2020036', 146.8, 3.05, 0, '2024-01-08', NULL);
INSERT INTO student_graduation_status (student_id, total_credits_earned, gpa, requirements_met, expected_graduation_date, actual_graduation_date) VALUES ('S2020024', 147.0, 2.98, 0, '2024-05-12', NULL);
INSERT INTO student_graduation_status (student_id, total_credits_earned, gpa, requirements_met, expected_graduation_date, actual_graduation_date) VALUES ('S2020022', 218.2, 3.14, 1, '2024-04-08', '2025-06-25');
INSERT INTO student_graduation_status (student_id, total_credits_earned, gpa, requirements_met, expected_graduation_date, actual_graduation_date) VALUES ('S2020047', 147.3, 3.46, 0, '2024-04-12', NULL);
INSERT INTO student_graduation_status (student_id, total_credits_earned, gpa, requirements_met, expected_graduation_date, actual_graduation_date) VALUES ('S2020005', 155.1, 2.51, 0, '2025-12-06', NULL);
INSERT INTO student_graduation_status (student_id, total_credits_earned, gpa, requirements_met, expected_graduation_date, actual_graduation_date) VALUES ('S2020035', 143.4, 2.52, 0, '2025-08-04', NULL);
INSERT INTO student_graduation_status (student_id, total_credits_earned, gpa, requirements_met, expected_graduation_date, actual_graduation_date) VALUES ('S2020009', 123.6, 2.9, 0, '2026-05-12', NULL);
INSERT INTO student_graduation_status (student_id, total_credits_earned, gpa, requirements_met, expected_graduation_date, actual_graduation_date) VALUES ('S2020007', 201.8, 3.85, 1, '2025-06-28', '2024-11-19');
INSERT INTO student_graduation_status (student_id, total_credits_earned, gpa, requirements_met, expected_graduation_date, actual_graduation_date) VALUES ('S2020006', 235.8, 2.89, 1, '2026-02-13', '2024-02-15');
INSERT INTO student_graduation_status (student_id, total_credits_earned, gpa, requirements_met, expected_graduation_date, actual_graduation_date) VALUES ('S2020044', 179.1, 3.16, 0, '2024-03-22', NULL);
INSERT INTO student_graduation_status (student_id, total_credits_earned, gpa, requirements_met, expected_graduation_date, actual_graduation_date) VALUES ('S2020009', 204.4, 3.04, 1, '2026-03-24', NULL);
INSERT INTO student_graduation_status (student_id, total_credits_earned, gpa, requirements_met, expected_graduation_date, actual_graduation_date) VALUES ('S2020040', 235.9, 3.22, 1, '2026-10-09', NULL);
INSERT INTO student_graduation_status (student_id, total_credits_earned, gpa, requirements_met, expected_graduation_date, actual_graduation_date) VALUES ('S2020037', 174.4, 2.71, 0, '2024-06-25', NULL);
INSERT INTO student_graduation_status (student_id, total_credits_earned, gpa, requirements_met, expected_graduation_date, actual_graduation_date) VALUES ('S2020010', 170.4, 3.36, 0, '2026-11-25', NULL);
INSERT INTO student_graduation_status (student_id, total_credits_earned, gpa, requirements_met, expected_graduation_date, actual_graduation_date) VALUES ('S2020024', 234.0, 3.1, 1, '2026-11-17', NULL);
INSERT INTO student_graduation_status (student_id, total_credits_earned, gpa, requirements_met, expected_graduation_date, actual_graduation_date) VALUES ('S2020046', 135.1, 3.92, 0, '2025-04-03', NULL);
INSERT INTO student_graduation_status (student_id, total_credits_earned, gpa, requirements_met, expected_graduation_date, actual_graduation_date) VALUES ('S2020049', 212.3, 3.04, 1, '2024-08-28', NULL);
INSERT INTO student_graduation_status (student_id, total_credits_earned, gpa, requirements_met, expected_graduation_date, actual_graduation_date) VALUES ('S2020035', 123.0, 3.34, 0, '2026-05-07', NULL);
INSERT INTO student_graduation_status (student_id, total_credits_earned, gpa, requirements_met, expected_graduation_date, actual_graduation_date) VALUES ('S2020044', 209.4, 3.2, 1, '2026-03-24', '2024-03-04');
INSERT INTO student_graduation_status (student_id, total_credits_earned, gpa, requirements_met, expected_graduation_date, actual_graduation_date) VALUES ('S2020006', 149.4, 3.25, 0, '2026-03-11', NULL);
INSERT INTO student_graduation_status (student_id, total_credits_earned, gpa, requirements_met, expected_graduation_date, actual_graduation_date) VALUES ('S2020032', 234.3, 3.38, 1, '2025-11-02', '2025-04-08');
INSERT INTO student_graduation_status (student_id, total_credits_earned, gpa, requirements_met, expected_graduation_date, actual_graduation_date) VALUES ('S2020001', 157.7, 3.89, 0, '2026-04-17', NULL);
INSERT INTO student_graduation_status (student_id, total_credits_earned, gpa, requirements_met, expected_graduation_date, actual_graduation_date) VALUES ('S2020007', 175.1, 2.88, 0, '2026-07-30', NULL);
INSERT INTO student_graduation_status (student_id, total_credits_earned, gpa, requirements_met, expected_graduation_date, actual_graduation_date) VALUES ('S2020038', 214.5, 2.83, 1, '2026-04-17', '2024-08-25');
INSERT INTO student_graduation_status (student_id, total_credits_earned, gpa, requirements_met, expected_graduation_date, actual_graduation_date) VALUES ('S2020046', 146.2, 3.46, 0, '2024-04-19', NULL);
INSERT INTO student_graduation_status (student_id, total_credits_earned, gpa, requirements_met, expected_graduation_date, actual_graduation_date) VALUES ('S2020002', 209.1, 2.85, 1, '2025-12-01', '2025-12-27');
INSERT INTO student_graduation_status (student_id, total_credits_earned, gpa, requirements_met, expected_graduation_date, actual_graduation_date) VALUES ('S2020040', 205.1, 3.95, 1, '2024-01-04', '2024-06-13');
INSERT INTO student_graduation_status (student_id, total_credits_earned, gpa, requirements_met, expected_graduation_date, actual_graduation_date) VALUES ('S2020037', 183.5, 2.63, 1, '2026-04-03', NULL);
INSERT INTO student_graduation_status (student_id, total_credits_earned, gpa, requirements_met, expected_graduation_date, actual_graduation_date) VALUES ('S2020048', 234.1, 3.8, 1, '2024-03-28', '2024-05-11');
INSERT INTO student_graduation_status (student_id, total_credits_earned, gpa, requirements_met, expected_graduation_date, actual_graduation_date) VALUES ('S2020019', 211.0, 2.75, 1, '2025-10-20', NULL);

-- Insert data into career_placements
INSERT INTO career_placements (student_id, employer_name, position_title, start_date, salary_range, employment_type) VALUES ('S2020029', '武汉同济医院', '住院医师', '2024-01-21', '20000+', 'Internship');
INSERT INTO career_placements (student_id, employer_name, position_title, start_date, salary_range, employment_type) VALUES ('S2020032', '南京鼓楼医院', '医学研究员', '2023-02-23', '8000-12000', 'Contract');
INSERT INTO career_placements (student_id, employer_name, position_title, start_date, salary_range, employment_type) VALUES ('S2020039', '上海瑞金医院', '临床医生', '2024-05-27', '20000+', 'Internship');
INSERT INTO career_placements (student_id, employer_name, position_title, start_date, salary_range, employment_type) VALUES ('S2020001', '武汉同济医院', '临床医生', '2024-12-19', '20000+', 'Internship');
INSERT INTO career_placements (student_id, employer_name, position_title, start_date, salary_range, employment_type) VALUES ('S2020035', '武汉同济医院', '主治医师', '2023-12-27', '5000-8000', 'Contract');
INSERT INTO career_placements (student_id, employer_name, position_title, start_date, salary_range, employment_type) VALUES ('S2020040', '杭州第一医院', '住院医师', '2023-08-27', '12000-20000', 'Internship');
INSERT INTO career_placements (student_id, employer_name, position_title, start_date, salary_range, employment_type) VALUES ('S2020016', '上海瑞金医院', '全科医生', '2024-03-11', '5000-8000', 'Full-time');
INSERT INTO career_placements (student_id, employer_name, position_title, start_date, salary_range, employment_type) VALUES ('S2020007', '杭州第一医院', '住院医师', '2023-10-11', '5000-8000', 'Contract');
INSERT INTO career_placements (student_id, employer_name, position_title, start_date, salary_range, employment_type) VALUES ('S2020042', '成都华西医院', '主治医师', '2023-05-30', '8000-12000', 'Contract');
INSERT INTO career_placements (student_id, employer_name, position_title, start_date, salary_range, employment_type) VALUES ('S2020021', '广州中山医院', '主治医师', '2023-03-26', '12000-20000', 'Contract');
INSERT INTO career_placements (student_id, employer_name, position_title, start_date, salary_range, employment_type) VALUES ('S2020016', '南京鼓楼医院', '住院医师', '2024-02-12', '8000-12000', 'Full-time');
INSERT INTO career_placements (student_id, employer_name, position_title, start_date, salary_range, employment_type) VALUES ('S2020002', '南京鼓楼医院', '住院医师', '2023-12-15', '12000-20000', 'Internship');
INSERT INTO career_placements (student_id, employer_name, position_title, start_date, salary_range, employment_type) VALUES ('S2020046', '成都华西医院', '主治医师', '2023-11-04', '20000+', 'Contract');
INSERT INTO career_placements (student_id, employer_name, position_title, start_date, salary_range, employment_type) VALUES ('S2020049', '南京鼓楼医院', '住院医师', '2023-08-20', '8000-12000', 'Part-time');
INSERT INTO career_placements (student_id, employer_name, position_title, start_date, salary_range, employment_type) VALUES ('S2020006', '杭州第一医院', '全科医生', '2023-12-28', '12000-20000', 'Internship');
INSERT INTO career_placements (student_id, employer_name, position_title, start_date, salary_range, employment_type) VALUES ('S2020017', '成都华西医院', '全科医生', '2023-11-20', '20000+', 'Full-time');
INSERT INTO career_placements (student_id, employer_name, position_title, start_date, salary_range, employment_type) VALUES ('S2020017', '成都华西医院', '住院医师', '2023-07-27', '5000-8000', 'Internship');
INSERT INTO career_placements (student_id, employer_name, position_title, start_date, salary_range, employment_type) VALUES ('S2020046', '深圳人民医院', '住院医师', '2023-01-16', '20000+', 'Contract');
INSERT INTO career_placements (student_id, employer_name, position_title, start_date, salary_range, employment_type) VALUES ('S2020016', '深圳人民医院', '医学研究员', '2023-09-05', '12000-20000', 'Internship');
INSERT INTO career_placements (student_id, employer_name, position_title, start_date, salary_range, employment_type) VALUES ('S2020039', '武汉同济医院', '住院医师', '2023-03-02', '5000-8000', 'Full-time');
INSERT INTO career_placements (student_id, employer_name, position_title, start_date, salary_range, employment_type) VALUES ('S2020001', '上海瑞金医院', '全科医生', '2023-06-30', '20000+', 'Internship');
INSERT INTO career_placements (student_id, employer_name, position_title, start_date, salary_range, employment_type) VALUES ('S2020027', '成都华西医院', '住院医师', '2024-09-25', '5000-8000', 'Contract');
INSERT INTO career_placements (student_id, employer_name, position_title, start_date, salary_range, employment_type) VALUES ('S2020004', '北京协和医院', '主治医师', '2024-09-07', '20000+', 'Part-time');
INSERT INTO career_placements (student_id, employer_name, position_title, start_date, salary_range, employment_type) VALUES ('S2020016', '成都华西医院', '医学研究员', '2023-04-19', '12000-20000', 'Contract');
INSERT INTO career_placements (student_id, employer_name, position_title, start_date, salary_range, employment_type) VALUES ('S2020001', '武汉同济医院', '医学研究员', '2023-01-21', '5000-8000', 'Full-time');
INSERT INTO career_placements (student_id, employer_name, position_title, start_date, salary_range, employment_type) VALUES ('S2020003', '武汉同济医院', '医学研究员', '2023-01-06', '5000-8000', 'Internship');
INSERT INTO career_placements (student_id, employer_name, position_title, start_date, salary_range, employment_type) VALUES ('S2020009', '杭州第一医院', '住院医师', '2023-03-06', '5000-8000', 'Contract');
INSERT INTO career_placements (student_id, employer_name, position_title, start_date, salary_range, employment_type) VALUES ('S2020012', '上海瑞金医院', '临床医生', '2023-08-14', '5000-8000', 'Part-time');
INSERT INTO career_placements (student_id, employer_name, position_title, start_date, salary_range, employment_type) VALUES ('S2020006', '深圳人民医院', '住院医师', '2023-04-02', '5000-8000', 'Part-time');
INSERT INTO career_placements (student_id, employer_name, position_title, start_date, salary_range, employment_type) VALUES ('S2020022', '北京协和医院', '住院医师', '2023-03-06', '8000-12000', 'Contract');

-- Insert data into tuition_fees
INSERT INTO tuition_fees (student_id, semester, year, tuition_amount, other_fees, total_amount, due_date) VALUES ('S2020044', 'Spring', 2022, 25000, 526.98, 25526.98, '2022-3-01');
INSERT INTO tuition_fees (student_id, semester, year, tuition_amount, other_fees, total_amount, due_date) VALUES ('S2020019', 'Spring', 2022, 18000, 1422.69, 19422.69, '2022-3-01');
INSERT INTO tuition_fees (student_id, semester, year, tuition_amount, other_fees, total_amount, due_date) VALUES ('S2020049', 'Spring', 2024, 15000, 747.3, 15747.3, '2024-3-01');
INSERT INTO tuition_fees (student_id, semester, year, tuition_amount, other_fees, total_amount, due_date) VALUES ('S2020041', 'Fall', 2023, 18000, 1405.31, 19405.31, '2023-9-01');
INSERT INTO tuition_fees (student_id, semester, year, tuition_amount, other_fees, total_amount, due_date) VALUES ('S2020020', 'Spring', 2023, 18000, 1628.13, 19628.13, '2023-3-01');
INSERT INTO tuition_fees (student_id, semester, year, tuition_amount, other_fees, total_amount, due_date) VALUES ('S2020017', 'Spring', 2024, 15000, 1128.41, 16128.41, '2024-3-01');
INSERT INTO tuition_fees (student_id, semester, year, tuition_amount, other_fees, total_amount, due_date) VALUES ('S2020012', 'Spring', 2024, 15000, 1017.3, 16017.3, '2024-3-01');
INSERT INTO tuition_fees (student_id, semester, year, tuition_amount, other_fees, total_amount, due_date) VALUES ('S2020013', 'Spring', 2022, 15000, 563.05, 15563.05, '2022-3-01');
INSERT INTO tuition_fees (student_id, semester, year, tuition_amount, other_fees, total_amount, due_date) VALUES ('S2020029', 'Spring', 2022, 15000, 967.4, 15967.4, '2022-3-01');
INSERT INTO tuition_fees (student_id, semester, year, tuition_amount, other_fees, total_amount, due_date) VALUES ('S2020012', 'Fall', 2023, 15000, 1649.71, 16649.71, '2023-9-01');
INSERT INTO tuition_fees (student_id, semester, year, tuition_amount, other_fees, total_amount, due_date) VALUES ('S2020008', 'Spring', 2023, 15000, 1054.6, 16054.6, '2023-3-01');
INSERT INTO tuition_fees (student_id, semester, year, tuition_amount, other_fees, total_amount, due_date) VALUES ('S2020047', 'Spring', 2024, 18000, 1835.22, 19835.22, '2024-3-01');
INSERT INTO tuition_fees (student_id, semester, year, tuition_amount, other_fees, total_amount, due_date) VALUES ('S2020008', 'Fall', 2022, 20000, 1809.06, 21809.06, '2022-9-01');
INSERT INTO tuition_fees (student_id, semester, year, tuition_amount, other_fees, total_amount, due_date) VALUES ('S2020042', 'Fall', 2022, 15000, 1767.99, 16767.99, '2022-9-01');
INSERT INTO tuition_fees (student_id, semester, year, tuition_amount, other_fees, total_amount, due_date) VALUES ('S2020004', 'Fall', 2024, 18000, 513.54, 18513.54, '2024-9-01');
INSERT INTO tuition_fees (student_id, semester, year, tuition_amount, other_fees, total_amount, due_date) VALUES ('S2020031', 'Fall', 2024, 18000, 700.05, 18700.05, '2024-9-01');
INSERT INTO tuition_fees (student_id, semester, year, tuition_amount, other_fees, total_amount, due_date) VALUES ('S2020015', 'Fall', 2024, 18000, 1143.69, 19143.69, '2024-9-01');
INSERT INTO tuition_fees (student_id, semester, year, tuition_amount, other_fees, total_amount, due_date) VALUES ('S2020028', 'Fall', 2024, 25000, 1126.8, 26126.8, '2024-9-01');
INSERT INTO tuition_fees (student_id, semester, year, tuition_amount, other_fees, total_amount, due_date) VALUES ('S2020045', 'Spring', 2023, 25000, 1678.84, 26678.84, '2023-3-01');
INSERT INTO tuition_fees (student_id, semester, year, tuition_amount, other_fees, total_amount, due_date) VALUES ('S2020000', 'Fall', 2023, 20000, 1050.77, 21050.77, '2023-9-01');
INSERT INTO tuition_fees (student_id, semester, year, tuition_amount, other_fees, total_amount, due_date) VALUES ('S2020013', 'Fall', 2023, 15000, 911.39, 15911.39, '2023-9-01');
INSERT INTO tuition_fees (student_id, semester, year, tuition_amount, other_fees, total_amount, due_date) VALUES ('S2020021', 'Fall', 2023, 25000, 1971.27, 26971.27, '2023-9-01');
INSERT INTO tuition_fees (student_id, semester, year, tuition_amount, other_fees, total_amount, due_date) VALUES ('S2020023', 'Fall', 2023, 25000, 716.24, 25716.24, '2023-9-01');
INSERT INTO tuition_fees (student_id, semester, year, tuition_amount, other_fees, total_amount, due_date) VALUES ('S2020011', 'Fall', 2024, 25000, 1622.84, 26622.84, '2024-9-01');
INSERT INTO tuition_fees (student_id, semester, year, tuition_amount, other_fees, total_amount, due_date) VALUES ('S2020027', 'Spring', 2023, 20000, 987.76, 20987.76, '2023-3-01');
INSERT INTO tuition_fees (student_id, semester, year, tuition_amount, other_fees, total_amount, due_date) VALUES ('S2020039', 'Spring', 2022, 18000, 1143.09, 19143.09, '2022-3-01');
INSERT INTO tuition_fees (student_id, semester, year, tuition_amount, other_fees, total_amount, due_date) VALUES ('S2020031', 'Spring', 2023, 15000, 1613.58, 16613.58, '2023-3-01');
INSERT INTO tuition_fees (student_id, semester, year, tuition_amount, other_fees, total_amount, due_date) VALUES ('S2020013', 'Fall', 2023, 15000, 1708.45, 16708.45, '2023-9-01');
INSERT INTO tuition_fees (student_id, semester, year, tuition_amount, other_fees, total_amount, due_date) VALUES ('S2020041', 'Fall', 2022, 18000, 794.26, 18794.26, '2022-9-01');
INSERT INTO tuition_fees (student_id, semester, year, tuition_amount, other_fees, total_amount, due_date) VALUES ('S2020030', 'Spring', 2022, 20000, 1441.6, 21441.6, '2022-3-01');
INSERT INTO tuition_fees (student_id, semester, year, tuition_amount, other_fees, total_amount, due_date) VALUES ('S2020025', 'Spring', 2024, 15000, 1463.02, 16463.02, '2024-3-01');
INSERT INTO tuition_fees (student_id, semester, year, tuition_amount, other_fees, total_amount, due_date) VALUES ('S2020011', 'Fall', 2023, 15000, 1261.0, 16261.0, '2023-9-01');
INSERT INTO tuition_fees (student_id, semester, year, tuition_amount, other_fees, total_amount, due_date) VALUES ('S2020009', 'Spring', 2023, 15000, 1858.48, 16858.48, '2023-3-01');
INSERT INTO tuition_fees (student_id, semester, year, tuition_amount, other_fees, total_amount, due_date) VALUES ('S2020043', 'Fall', 2022, 15000, 1917.68, 16917.68, '2022-9-01');
INSERT INTO tuition_fees (student_id, semester, year, tuition_amount, other_fees, total_amount, due_date) VALUES ('S2020029', 'Fall', 2022, 25000, 1008.83, 26008.83, '2022-9-01');
INSERT INTO tuition_fees (student_id, semester, year, tuition_amount, other_fees, total_amount, due_date) VALUES ('S2020005', 'Spring', 2022, 18000, 1249.3, 19249.3, '2022-3-01');
INSERT INTO tuition_fees (student_id, semester, year, tuition_amount, other_fees, total_amount, due_date) VALUES ('S2020025', 'Fall', 2023, 18000, 1644.46, 19644.46, '2023-9-01');
INSERT INTO tuition_fees (student_id, semester, year, tuition_amount, other_fees, total_amount, due_date) VALUES ('S2020003', 'Spring', 2023, 20000, 922.61, 20922.61, '2023-3-01');
INSERT INTO tuition_fees (student_id, semester, year, tuition_amount, other_fees, total_amount, due_date) VALUES ('S2020039', 'Fall', 2022, 20000, 994.63, 20994.63, '2022-9-01');
INSERT INTO tuition_fees (student_id, semester, year, tuition_amount, other_fees, total_amount, due_date) VALUES ('S2020031', 'Spring', 2024, 25000, 1459.14, 26459.14, '2024-3-01');
INSERT INTO tuition_fees (student_id, semester, year, tuition_amount, other_fees, total_amount, due_date) VALUES ('S2020034', 'Spring', 2022, 15000, 709.38, 15709.38, '2022-3-01');
INSERT INTO tuition_fees (student_id, semester, year, tuition_amount, other_fees, total_amount, due_date) VALUES ('S2020017', 'Spring', 2022, 15000, 663.08, 15663.08, '2022-3-01');
INSERT INTO tuition_fees (student_id, semester, year, tuition_amount, other_fees, total_amount, due_date) VALUES ('S2020025', 'Spring', 2023, 18000, 1390.77, 19390.77, '2023-3-01');
INSERT INTO tuition_fees (student_id, semester, year, tuition_amount, other_fees, total_amount, due_date) VALUES ('S2020010', 'Spring', 2024, 15000, 1594.83, 16594.83, '2024-3-01');
INSERT INTO tuition_fees (student_id, semester, year, tuition_amount, other_fees, total_amount, due_date) VALUES ('S2020009', 'Spring', 2022, 15000, 1250.48, 16250.48, '2022-3-01');

-- Insert data into student_scholarships
INSERT INTO student_scholarships (student_id, scholarship_name, amount, award_date, academic_year) VALUES ('S2020039', '科研创新奖', 8000, '2024-08-09', '2022-2024');
INSERT INTO student_scholarships (student_id, scholarship_name, amount, award_date, academic_year) VALUES ('S2020036', '学业进步奖', 10000, '2023-08-16', '2022-2024');
INSERT INTO student_scholarships (student_id, scholarship_name, amount, award_date, academic_year) VALUES ('S2020010', '学业进步奖', 3000, '2024-11-27', '2023-2024');
INSERT INTO student_scholarships (student_id, scholarship_name, amount, award_date, academic_year) VALUES ('S2020034', '校级奖学金', 5000, '2022-03-26', '2023-2023');
INSERT INTO student_scholarships (student_id, scholarship_name, amount, award_date, academic_year) VALUES ('S2020018', '学业进步奖', 3000, '2022-02-16', '2023-2023');
INSERT INTO student_scholarships (student_id, scholarship_name, amount, award_date, academic_year) VALUES ('S2020030', '科研创新奖', 5000, '2023-05-29', '2023-2023');
INSERT INTO student_scholarships (student_id, scholarship_name, amount, award_date, academic_year) VALUES ('S2020047', '国家奖学金', 10000, '2023-01-25', '2023-2023');
INSERT INTO student_scholarships (student_id, scholarship_name, amount, award_date, academic_year) VALUES ('S2020049', '学业进步奖', 5000, '2023-07-01', '2022-2023');
INSERT INTO student_scholarships (student_id, scholarship_name, amount, award_date, academic_year) VALUES ('S2020007', '科研创新奖', 10000, '2024-07-02', '2022-2024');
INSERT INTO student_scholarships (student_id, scholarship_name, amount, award_date, academic_year) VALUES ('S2020022', '科研创新奖', 10000, '2022-10-29', '2023-2023');
INSERT INTO student_scholarships (student_id, scholarship_name, amount, award_date, academic_year) VALUES ('S2020037', '科研创新奖', 8000, '2023-10-20', '2022-2024');
INSERT INTO student_scholarships (student_id, scholarship_name, amount, award_date, academic_year) VALUES ('S2020004', '国家奖学金', 3000, '2023-02-16', '2023-2024');
INSERT INTO student_scholarships (student_id, scholarship_name, amount, award_date, academic_year) VALUES ('S2020006', '国家奖学金', 8000, '2022-01-04', '2023-2023');
INSERT INTO student_scholarships (student_id, scholarship_name, amount, award_date, academic_year) VALUES ('S2020030', '学业进步奖', 5000, '2023-02-14', '2022-2024');
INSERT INTO student_scholarships (student_id, scholarship_name, amount, award_date, academic_year) VALUES ('S2020013', '国家奖学金', 3000, '2023-02-12', '2022-2023');
INSERT INTO student_scholarships (student_id, scholarship_name, amount, award_date, academic_year) VALUES ('S2020049', '国家奖学金', 8000, '2022-07-12', '2022-2023');
INSERT INTO student_scholarships (student_id, scholarship_name, amount, award_date, academic_year) VALUES ('S2020033', '科研创新奖', 5000, '2023-09-29', '2023-2024');
INSERT INTO student_scholarships (student_id, scholarship_name, amount, award_date, academic_year) VALUES ('S2020013', '校级奖学金', 5000, '2024-11-23', '2022-2023');
INSERT INTO student_scholarships (student_id, scholarship_name, amount, award_date, academic_year) VALUES ('S2020037', '校级奖学金', 5000, '2023-11-10', '2023-2024');
INSERT INTO student_scholarships (student_id, scholarship_name, amount, award_date, academic_year) VALUES ('S2020021', '优秀学生奖学金', 8000, '2022-12-04', '2023-2023');
INSERT INTO student_scholarships (student_id, scholarship_name, amount, award_date, academic_year) VALUES ('S2020013', '科研创新奖', 8000, '2024-04-15', '2022-2023');
INSERT INTO student_scholarships (student_id, scholarship_name, amount, award_date, academic_year) VALUES ('S2020022', '优秀学生奖学金', 3000, '2023-10-03', '2022-2023');
INSERT INTO student_scholarships (student_id, scholarship_name, amount, award_date, academic_year) VALUES ('S2020015', '国家奖学金', 8000, '2024-09-04', '2022-2024');
INSERT INTO student_scholarships (student_id, scholarship_name, amount, award_date, academic_year) VALUES ('S2020032', '国家奖学金', 8000, '2023-02-28', '2022-2024');
INSERT INTO student_scholarships (student_id, scholarship_name, amount, award_date, academic_year) VALUES ('S2020036', '学业进步奖', 5000, '2022-06-12', '2022-2024');
INSERT INTO student_scholarships (student_id, scholarship_name, amount, award_date, academic_year) VALUES ('S2020010', '国家奖学金', 3000, '2024-05-07', '2023-2024');
INSERT INTO student_scholarships (student_id, scholarship_name, amount, award_date, academic_year) VALUES ('S2020026', '国家奖学金', 10000, '2024-03-17', '2023-2024');
INSERT INTO student_scholarships (student_id, scholarship_name, amount, award_date, academic_year) VALUES ('S2020004', '学业进步奖', 3000, '2024-01-14', '2022-2024');
INSERT INTO student_scholarships (student_id, scholarship_name, amount, award_date, academic_year) VALUES ('S2020038', '校级奖学金', 5000, '2024-03-24', '2022-2024');
INSERT INTO student_scholarships (student_id, scholarship_name, amount, award_date, academic_year) VALUES ('S2020016', '学业进步奖', 10000, '2024-10-18', '2023-2023');
INSERT INTO student_scholarships (student_id, scholarship_name, amount, award_date, academic_year) VALUES ('S2020003', '学业进步奖', 10000, '2022-03-01', '2023-2024');
INSERT INTO student_scholarships (student_id, scholarship_name, amount, award_date, academic_year) VALUES ('S2020020', '科研创新奖', 8000, '2024-09-04', '2023-2024');
INSERT INTO student_scholarships (student_id, scholarship_name, amount, award_date, academic_year) VALUES ('S2020027', '优秀学生奖学金', 10000, '2024-07-30', '2023-2024');
INSERT INTO student_scholarships (student_id, scholarship_name, amount, award_date, academic_year) VALUES ('S2020025', '国家奖学金', 8000, '2022-09-19', '2022-2024');
INSERT INTO student_scholarships (student_id, scholarship_name, amount, award_date, academic_year) VALUES ('S2020026', '国家奖学金', 5000, '2022-01-20', '2022-2023');

-- Insert data into section_instructors
INSERT INTO section_instructors (section_id, faculty_id, role) VALUES ('SEC0029', 'F017', 'Assistant');
INSERT INTO section_instructors (section_id, faculty_id, role) VALUES ('SEC0022', 'F025', 'Assistant');
INSERT INTO section_instructors (section_id, faculty_id, role) VALUES ('SEC0018', 'F030', 'Assistant');
INSERT INTO section_instructors (section_id, faculty_id, role) VALUES ('SEC0009', 'F009', 'Primary');
INSERT INTO section_instructors (section_id, faculty_id, role) VALUES ('SEC0022', 'F008', 'Primary');
INSERT INTO section_instructors (section_id, faculty_id, role) VALUES ('SEC0009', 'F008', 'Assistant');
INSERT INTO section_instructors (section_id, faculty_id, role) VALUES ('SEC0033', 'F014', 'Guest');
INSERT INTO section_instructors (section_id, faculty_id, role) VALUES ('SEC0029', 'F001', 'Guest');
INSERT INTO section_instructors (section_id, faculty_id, role) VALUES ('SEC0032', 'F011', 'Guest');
INSERT INTO section_instructors (section_id, faculty_id, role) VALUES ('SEC0032', 'F027', 'Guest');
INSERT INTO section_instructors (section_id, faculty_id, role) VALUES ('SEC0001', 'F002', 'Primary');
INSERT INTO section_instructors (section_id, faculty_id, role) VALUES ('SEC0026', 'F013', 'Assistant');
INSERT INTO section_instructors (section_id, faculty_id, role) VALUES ('SEC0016', 'F017', 'Guest');
INSERT INTO section_instructors (section_id, faculty_id, role) VALUES ('SEC0020', 'F025', 'Assistant');
INSERT INTO section_instructors (section_id, faculty_id, role) VALUES ('SEC0004', 'F003', 'Guest');
INSERT INTO section_instructors (section_id, faculty_id, role) VALUES ('SEC0030', 'F021', 'Primary');
INSERT INTO section_instructors (section_id, faculty_id, role) VALUES ('SEC0025', 'F017', 'Primary');
INSERT INTO section_instructors (section_id, faculty_id, role) VALUES ('SEC0031', 'F022', 'Assistant');
INSERT INTO section_instructors (section_id, faculty_id, role) VALUES ('SEC0014', 'F020', 'Assistant');
INSERT INTO section_instructors (section_id, faculty_id, role) VALUES ('SEC0010', 'F004', 'Guest');
INSERT INTO section_instructors (section_id, faculty_id, role) VALUES ('SEC0015', 'F003', 'Assistant');
INSERT INTO section_instructors (section_id, faculty_id, role) VALUES ('SEC0030', 'F003', 'Guest');
INSERT INTO section_instructors (section_id, faculty_id, role) VALUES ('SEC0014', 'F012', 'Assistant');
INSERT INTO section_instructors (section_id, faculty_id, role) VALUES ('SEC0028', 'F010', 'Assistant');
INSERT INTO section_instructors (section_id, faculty_id, role) VALUES ('SEC0028', 'F024', 'Primary');
INSERT INTO section_instructors (section_id, faculty_id, role) VALUES ('SEC0021', 'F010', 'Primary');
INSERT INTO section_instructors (section_id, faculty_id, role) VALUES ('SEC0012', 'F027', 'Primary');
INSERT INTO section_instructors (section_id, faculty_id, role) VALUES ('SEC0032', 'F001', 'Assistant');
INSERT INTO section_instructors (section_id, faculty_id, role) VALUES ('SEC0006', 'F027', 'Primary');
INSERT INTO section_instructors (section_id, faculty_id, role) VALUES ('SEC0023', 'F023', 'Primary');
INSERT INTO section_instructors (section_id, faculty_id, role) VALUES ('SEC0026', 'F029', 'Primary');
INSERT INTO section_instructors (section_id, faculty_id, role) VALUES ('SEC0019', 'F012', 'Primary');
INSERT INTO section_instructors (section_id, faculty_id, role) VALUES ('SEC0030', 'F005', 'Guest');
INSERT INTO section_instructors (section_id, faculty_id, role) VALUES ('SEC0010', 'F028', 'Assistant');
INSERT INTO section_instructors (section_id, faculty_id, role) VALUES ('SEC0003', 'F028', 'Assistant');
INSERT INTO section_instructors (section_id, faculty_id, role) VALUES ('SEC0014', 'F010', 'Assistant');
INSERT INTO section_instructors (section_id, faculty_id, role) VALUES ('SEC0019', 'F029', 'Guest');
INSERT INTO section_instructors (section_id, faculty_id, role) VALUES ('SEC0033', 'F028', 'Assistant');
INSERT INTO section_instructors (section_id, faculty_id, role) VALUES ('SEC0023', 'F019', 'Primary');
INSERT INTO section_instructors (section_id, faculty_id, role) VALUES ('SEC0016', 'F020', 'Primary');

-- Insert data into rooms
INSERT INTO rooms (room_id, building, room_number, capacity, room_type, equipment) VALUES ('R001', 'B', '300', 200, 'Lecture Hall', 'Projector, Whiteboard');
INSERT INTO rooms (room_id, building, room_number, capacity, room_type, equipment) VALUES ('R002', 'A', '425', 100, 'Classroom', 'Projector, Whiteboard');
INSERT INTO rooms (room_id, building, room_number, capacity, room_type, equipment) VALUES ('R003', 'E', '242', 100, 'Lecture Hall', 'Projector, Whiteboard');
INSERT INTO rooms (room_id, building, room_number, capacity, room_type, equipment) VALUES ('R004', 'D', '352', 30, 'Study Room', 'Lab Equipment');
INSERT INTO rooms (room_id, building, room_number, capacity, room_type, equipment) VALUES ('R005', 'A', '326', 200, 'Classroom', 'Projector, Whiteboard');
INSERT INTO rooms (room_id, building, room_number, capacity, room_type, equipment) VALUES ('R006', 'C', '933', 200, 'Lecture Hall', 'Projector, Whiteboard');
INSERT INTO rooms (room_id, building, room_number, capacity, room_type, equipment) VALUES ('R007', 'E', '713', 60, 'Classroom', 'Projector, Whiteboard');
INSERT INTO rooms (room_id, building, room_number, capacity, room_type, equipment) VALUES ('R008', 'C', '395', 200, 'Lecture Hall', 'Projector, Whiteboard');
INSERT INTO rooms (room_id, building, room_number, capacity, room_type, equipment) VALUES ('R009', 'A', '238', 60, 'Lab', 'Lab Equipment');
INSERT INTO rooms (room_id, building, room_number, capacity, room_type, equipment) VALUES ('R010', 'D', '773', 40, 'Lab', 'Lab Equipment');
INSERT INTO rooms (room_id, building, room_number, capacity, room_type, equipment) VALUES ('R011', 'C', '485', 50, 'Office', 'Lab Equipment');
INSERT INTO rooms (room_id, building, room_number, capacity, room_type, equipment) VALUES ('R012', 'B', '812', 60, 'Classroom', 'Projector, Whiteboard');
INSERT INTO rooms (room_id, building, room_number, capacity, room_type, equipment) VALUES ('R013', 'B', '666', 60, 'Office', 'Lab Equipment');
INSERT INTO rooms (room_id, building, room_number, capacity, room_type, equipment) VALUES ('R014', 'A', '933', 40, 'Study Room', 'Lab Equipment');
INSERT INTO rooms (room_id, building, room_number, capacity, room_type, equipment) VALUES ('R015', 'A', '437', 40, 'Office', 'Lab Equipment');
INSERT INTO rooms (room_id, building, room_number, capacity, room_type, equipment) VALUES ('R016', 'A', '959', 50, 'Office', 'Lab Equipment');
INSERT INTO rooms (room_id, building, room_number, capacity, room_type, equipment) VALUES ('R017', 'A', '943', 60, 'Classroom', 'Projector, Whiteboard');
INSERT INTO rooms (room_id, building, room_number, capacity, room_type, equipment) VALUES ('R018', 'B', '926', 40, 'Classroom', 'Projector, Whiteboard');
INSERT INTO rooms (room_id, building, room_number, capacity, room_type, equipment) VALUES ('R019', 'A', '401', 60, 'Lecture Hall', 'Projector, Whiteboard');
INSERT INTO rooms (room_id, building, room_number, capacity, room_type, equipment) VALUES ('R020', 'C', '239', 200, 'Office', 'Lab Equipment');
INSERT INTO rooms (room_id, building, room_number, capacity, room_type, equipment) VALUES ('R021', 'E', '295', 50, 'Office', 'Lab Equipment');
INSERT INTO rooms (room_id, building, room_number, capacity, room_type, equipment) VALUES ('R022', 'C', '892', 100, 'Classroom', 'Projector, Whiteboard');
INSERT INTO rooms (room_id, building, room_number, capacity, room_type, equipment) VALUES ('R023', 'B', '484', 100, 'Classroom', 'Projector, Whiteboard');
INSERT INTO rooms (room_id, building, room_number, capacity, room_type, equipment) VALUES ('R024', 'D', '713', 60, 'Lecture Hall', 'Projector, Whiteboard');
INSERT INTO rooms (room_id, building, room_number, capacity, room_type, equipment) VALUES ('R025', 'E', '414', 40, 'Lab', 'Lab Equipment');
INSERT INTO rooms (room_id, building, room_number, capacity, room_type, equipment) VALUES ('R026', 'C', '596', 60, 'Office', 'Lab Equipment');
INSERT INTO rooms (room_id, building, room_number, capacity, room_type, equipment) VALUES ('R027', 'C', '363', 50, 'Lab', 'Lab Equipment');
INSERT INTO rooms (room_id, building, room_number, capacity, room_type, equipment) VALUES ('R028', 'A', '212', 60, 'Lab', 'Lab Equipment');
INSERT INTO rooms (room_id, building, room_number, capacity, room_type, equipment) VALUES ('R029', 'E', '642', 50, 'Lecture Hall', 'Projector, Whiteboard');
INSERT INTO rooms (room_id, building, room_number, capacity, room_type, equipment) VALUES ('R030', 'D', '627', 40, 'Lab', 'Lab Equipment');

-- Insert data into clinical_rotations
INSERT INTO clinical_rotations (rotation_id, rotation_name, department, duration_weeks, required_hours, description) VALUES ('ROT001', '内科轮转', '急诊科', 12, 480, '内科轮转临床实习');
INSERT INTO clinical_rotations (rotation_id, rotation_name, department, duration_weeks, required_hours, description) VALUES ('ROT002', '外科轮转', '妇产科', 4, 160, '外科轮转临床实习');
INSERT INTO clinical_rotations (rotation_id, rotation_name, department, duration_weeks, required_hours, description) VALUES ('ROT003', '儿科轮转', '妇产科', 4, 160, '儿科轮转临床实习');
INSERT INTO clinical_rotations (rotation_id, rotation_name, department, duration_weeks, required_hours, description) VALUES ('ROT004', '妇产科轮转', '妇产科', 4, 160, '妇产科轮转临床实习');
INSERT INTO clinical_rotations (rotation_id, rotation_name, department, duration_weeks, required_hours, description) VALUES ('ROT005', '急诊轮转', '儿科', 12, 480, '急诊轮转临床实习');
INSERT INTO clinical_rotations (rotation_id, rotation_name, department, duration_weeks, required_hours, description) VALUES ('ROT006', '影像科轮转', '妇产科', 4, 160, '影像科轮转临床实习');
INSERT INTO clinical_rotations (rotation_id, rotation_name, department, duration_weeks, required_hours, description) VALUES ('ROT007', '检验科轮转', '外科', 8, 320, '检验科轮转临床实习');
INSERT INTO clinical_rotations (rotation_id, rotation_name, department, duration_weeks, required_hours, description) VALUES ('ROT008', '病理科轮转', '内科', 4, 160, '病理科轮转临床实习');

-- Insert data into student_clinical_assignments
INSERT INTO student_clinical_assignments (student_id, rotation_id, hospital_name, start_date, end_date, supervisor_name) VALUES ('S2020013', 'ROT005', '上海瑞金医院', '2024-05-22', '2024-11-26', '徐涛');
INSERT INTO student_clinical_assignments (student_id, rotation_id, hospital_name, start_date, end_date, supervisor_name) VALUES ('S2020008', 'ROT004', '广州中山医院', '2023-10-14', '2025-02-15', '周勇敏');
INSERT INTO student_clinical_assignments (student_id, rotation_id, hospital_name, start_date, end_date, supervisor_name) VALUES ('S2020002', 'ROT006', '上海瑞金医院', '2023-07-23', '2025-06-27', '刘明艳');
INSERT INTO student_clinical_assignments (student_id, rotation_id, hospital_name, start_date, end_date, supervisor_name) VALUES ('S2020002', 'ROT008', '广州中山医院', '2023-05-03', '2025-05-17', '刘勇');
INSERT INTO student_clinical_assignments (student_id, rotation_id, hospital_name, start_date, end_date, supervisor_name) VALUES ('S2020049', 'ROT007', '北京协和医院', '2023-10-14', '2024-01-24', '刘芳');
INSERT INTO student_clinical_assignments (student_id, rotation_id, hospital_name, start_date, end_date, supervisor_name) VALUES ('S2020049', 'ROT008', '广州中山医院', '2023-07-06', '2025-09-04', '李敏');
INSERT INTO student_clinical_assignments (student_id, rotation_id, hospital_name, start_date, end_date, supervisor_name) VALUES ('S2020001', 'ROT002', '广州中山医院', '2024-06-10', '2025-02-03', '周涛');
INSERT INTO student_clinical_assignments (student_id, rotation_id, hospital_name, start_date, end_date, supervisor_name) VALUES ('S2020022', 'ROT007', '北京协和医院', '2024-12-14', '2024-08-04', '吴磊丽');
INSERT INTO student_clinical_assignments (student_id, rotation_id, hospital_name, start_date, end_date, supervisor_name) VALUES ('S2020023', 'ROT002', '深圳人民医院', '2023-08-08', '2025-01-18', '李平');
INSERT INTO student_clinical_assignments (student_id, rotation_id, hospital_name, start_date, end_date, supervisor_name) VALUES ('S2020002', 'ROT003', '深圳人民医院', '2024-05-31', '2024-01-23', '高涛');
INSERT INTO student_clinical_assignments (student_id, rotation_id, hospital_name, start_date, end_date, supervisor_name) VALUES ('S2020037', 'ROT003', '深圳人民医院', '2023-10-25', '2024-05-03', '徐静');
INSERT INTO student_clinical_assignments (student_id, rotation_id, hospital_name, start_date, end_date, supervisor_name) VALUES ('S2020009', 'ROT003', '北京协和医院', '2023-11-21', '2025-08-08', '黄娜静');
INSERT INTO student_clinical_assignments (student_id, rotation_id, hospital_name, start_date, end_date, supervisor_name) VALUES ('S2020035', 'ROT001', '广州中山医院', '2024-10-28', '2024-04-24', '高霞');
INSERT INTO student_clinical_assignments (student_id, rotation_id, hospital_name, start_date, end_date, supervisor_name) VALUES ('S2020045', 'ROT007', '上海瑞金医院', '2023-01-11', '2025-06-02', '黄敏');
INSERT INTO student_clinical_assignments (student_id, rotation_id, hospital_name, start_date, end_date, supervisor_name) VALUES ('S2020002', 'ROT006', '深圳人民医院', '2023-05-04', '2024-05-05', '吴霞');
INSERT INTO student_clinical_assignments (student_id, rotation_id, hospital_name, start_date, end_date, supervisor_name) VALUES ('S2020032', 'ROT005', '广州中山医院', '2023-07-22', '2024-11-14', '杨杰');
INSERT INTO student_clinical_assignments (student_id, rotation_id, hospital_name, start_date, end_date, supervisor_name) VALUES ('S2020013', 'ROT007', '广州中山医院', '2024-01-19', '2025-08-18', '赵强静');
INSERT INTO student_clinical_assignments (student_id, rotation_id, hospital_name, start_date, end_date, supervisor_name) VALUES ('S2020029', 'ROT002', '深圳人民医院', '2023-09-15', '2025-12-01', '周磊');
INSERT INTO student_clinical_assignments (student_id, rotation_id, hospital_name, start_date, end_date, supervisor_name) VALUES ('S2020034', 'ROT008', '广州中山医院', '2024-05-05', '2025-07-31', '吴平');
INSERT INTO student_clinical_assignments (student_id, rotation_id, hospital_name, start_date, end_date, supervisor_name) VALUES ('S2020010', 'ROT001', '上海瑞金医院', '2024-07-17', '2024-05-17', '陈军艳');
INSERT INTO student_clinical_assignments (student_id, rotation_id, hospital_name, start_date, end_date, supervisor_name) VALUES ('S2020048', 'ROT003', '广州中山医院', '2023-07-17', '2024-10-30', '林勇霞');
INSERT INTO student_clinical_assignments (student_id, rotation_id, hospital_name, start_date, end_date, supervisor_name) VALUES ('S2020024', 'ROT002', '北京协和医院', '2023-09-05', '2024-10-03', '杨平');
INSERT INTO student_clinical_assignments (student_id, rotation_id, hospital_name, start_date, end_date, supervisor_name) VALUES ('S2020032', 'ROT002', '上海瑞金医院', '2023-03-03', '2025-03-01', '高静');
INSERT INTO student_clinical_assignments (student_id, rotation_id, hospital_name, start_date, end_date, supervisor_name) VALUES ('S2020047', 'ROT003', '北京协和医院', '2023-02-07', '2024-06-26', '马丽明');
INSERT INTO student_clinical_assignments (student_id, rotation_id, hospital_name, start_date, end_date, supervisor_name) VALUES ('S2020037', 'ROT001', '广州中山医院', '2024-11-11', '2025-02-17', '赵艳秀英');
INSERT INTO student_clinical_assignments (student_id, rotation_id, hospital_name, start_date, end_date, supervisor_name) VALUES ('S2020042', 'ROT006', '上海瑞金医院', '2023-10-25', '2024-09-06', '王超洋');
INSERT INTO student_clinical_assignments (student_id, rotation_id, hospital_name, start_date, end_date, supervisor_name) VALUES ('S2020031', 'ROT004', '深圳人民医院', '2024-02-12', '2025-08-11', '刘秀英');
INSERT INTO student_clinical_assignments (student_id, rotation_id, hospital_name, start_date, end_date, supervisor_name) VALUES ('S2020012', 'ROT006', '上海瑞金医院', '2024-11-11', '2025-04-26', '赵军');
INSERT INTO student_clinical_assignments (student_id, rotation_id, hospital_name, start_date, end_date, supervisor_name) VALUES ('S2020013', 'ROT004', '深圳人民医院', '2023-11-18', '2025-06-25', '徐丽');
INSERT INTO student_clinical_assignments (student_id, rotation_id, hospital_name, start_date, end_date, supervisor_name) VALUES ('S2020037', 'ROT008', '广州中山医院', '2024-06-12', '2025-05-07', '吴霞超');
INSERT INTO student_clinical_assignments (student_id, rotation_id, hospital_name, start_date, end_date, supervisor_name) VALUES ('S2020039', 'ROT003', '深圳人民医院', '2024-10-22', '2025-08-27', '朱静');
INSERT INTO student_clinical_assignments (student_id, rotation_id, hospital_name, start_date, end_date, supervisor_name) VALUES ('S2020044', 'ROT002', '深圳人民医院', '2023-05-10', '2024-05-04', '刘娜涛');
INSERT INTO student_clinical_assignments (student_id, rotation_id, hospital_name, start_date, end_date, supervisor_name) VALUES ('S2020024', 'ROT004', '深圳人民医院', '2023-04-23', '2025-12-08', '马伟');
INSERT INTO student_clinical_assignments (student_id, rotation_id, hospital_name, start_date, end_date, supervisor_name) VALUES ('S2020023', 'ROT008', '北京协和医院', '2023-08-20', '2025-05-26', '郭霞平');
INSERT INTO student_clinical_assignments (student_id, rotation_id, hospital_name, start_date, end_date, supervisor_name) VALUES ('S2020000', 'ROT007', '上海瑞金医院', '2024-05-02', '2025-05-08', '高伟秀兰');

-- Insert data into assignments
INSERT INTO assignments (assignment_id, section_id, assignment_name, description, due_date, total_points, weight_percentage) VALUES ('A0001', 'SEC0025', 'Assignment 1', 'Complete assignment 1', '2024-04-06', 100, 0.15);
INSERT INTO assignments (assignment_id, section_id, assignment_name, description, due_date, total_points, weight_percentage) VALUES ('A0002', 'SEC0028', 'Assignment 2', 'Complete assignment 2', '2024-05-28', 150, 0.2);
INSERT INTO assignments (assignment_id, section_id, assignment_name, description, due_date, total_points, weight_percentage) VALUES ('A0003', 'SEC0018', 'Assignment 3', 'Complete assignment 3', '2023-09-12', 50, 0.2);
INSERT INTO assignments (assignment_id, section_id, assignment_name, description, due_date, total_points, weight_percentage) VALUES ('A0004', 'SEC0023', 'Assignment 4', 'Complete assignment 4', '2023-05-12', 150, 0.1);
INSERT INTO assignments (assignment_id, section_id, assignment_name, description, due_date, total_points, weight_percentage) VALUES ('A0005', 'SEC0011', 'Assignment 5', 'Complete assignment 5', '2024-10-13', 100, 0.2);
INSERT INTO assignments (assignment_id, section_id, assignment_name, description, due_date, total_points, weight_percentage) VALUES ('A0006', 'SEC0021', 'Assignment 6', 'Complete assignment 6', '2023-09-27', 150, 0.15);
INSERT INTO assignments (assignment_id, section_id, assignment_name, description, due_date, total_points, weight_percentage) VALUES ('A0007', 'SEC0027', 'Assignment 7', 'Complete assignment 7', '2024-05-02', 50, 0.15);
INSERT INTO assignments (assignment_id, section_id, assignment_name, description, due_date, total_points, weight_percentage) VALUES ('A0008', 'SEC0033', 'Assignment 8', 'Complete assignment 8', '2023-12-04', 50, 0.2);
INSERT INTO assignments (assignment_id, section_id, assignment_name, description, due_date, total_points, weight_percentage) VALUES ('A0009', 'SEC0025', 'Assignment 9', 'Complete assignment 9', '2024-12-23', 100, 0.1);
INSERT INTO assignments (assignment_id, section_id, assignment_name, description, due_date, total_points, weight_percentage) VALUES ('A0010', 'SEC0024', 'Assignment 10', 'Complete assignment 10', '2023-06-11', 50, 0.1);
INSERT INTO assignments (assignment_id, section_id, assignment_name, description, due_date, total_points, weight_percentage) VALUES ('A0011', 'SEC0014', 'Assignment 11', 'Complete assignment 11', '2023-08-11', 50, 0.15);
INSERT INTO assignments (assignment_id, section_id, assignment_name, description, due_date, total_points, weight_percentage) VALUES ('A0012', 'SEC0003', 'Assignment 12', 'Complete assignment 12', '2024-12-21', 50, 0.2);
INSERT INTO assignments (assignment_id, section_id, assignment_name, description, due_date, total_points, weight_percentage) VALUES ('A0013', 'SEC0006', 'Assignment 13', 'Complete assignment 13', '2023-09-01', 100, 0.1);
INSERT INTO assignments (assignment_id, section_id, assignment_name, description, due_date, total_points, weight_percentage) VALUES ('A0014', 'SEC0015', 'Assignment 14', 'Complete assignment 14', '2023-03-01', 100, 0.1);
INSERT INTO assignments (assignment_id, section_id, assignment_name, description, due_date, total_points, weight_percentage) VALUES ('A0015', 'SEC0010', 'Assignment 15', 'Complete assignment 15', '2023-02-13', 150, 0.1);
INSERT INTO assignments (assignment_id, section_id, assignment_name, description, due_date, total_points, weight_percentage) VALUES ('A0016', 'SEC0033', 'Assignment 16', 'Complete assignment 16', '2023-11-17', 100, 0.15);
INSERT INTO assignments (assignment_id, section_id, assignment_name, description, due_date, total_points, weight_percentage) VALUES ('A0017', 'SEC0029', 'Assignment 17', 'Complete assignment 17', '2023-02-04', 100, 0.15);
INSERT INTO assignments (assignment_id, section_id, assignment_name, description, due_date, total_points, weight_percentage) VALUES ('A0018', 'SEC0012', 'Assignment 18', 'Complete assignment 18', '2023-05-28', 150, 0.15);
INSERT INTO assignments (assignment_id, section_id, assignment_name, description, due_date, total_points, weight_percentage) VALUES ('A0019', 'SEC0008', 'Assignment 19', 'Complete assignment 19', '2023-04-17', 100, 0.2);
INSERT INTO assignments (assignment_id, section_id, assignment_name, description, due_date, total_points, weight_percentage) VALUES ('A0020', 'SEC0025', 'Assignment 20', 'Complete assignment 20', '2023-08-26', 100, 0.2);
INSERT INTO assignments (assignment_id, section_id, assignment_name, description, due_date, total_points, weight_percentage) VALUES ('A0021', 'SEC0027', 'Assignment 21', 'Complete assignment 21', '2024-03-29', 50, 0.2);
INSERT INTO assignments (assignment_id, section_id, assignment_name, description, due_date, total_points, weight_percentage) VALUES ('A0022', 'SEC0023', 'Assignment 22', 'Complete assignment 22', '2024-12-17', 100, 0.2);
INSERT INTO assignments (assignment_id, section_id, assignment_name, description, due_date, total_points, weight_percentage) VALUES ('A0023', 'SEC0019', 'Assignment 23', 'Complete assignment 23', '2024-01-14', 100, 0.2);
INSERT INTO assignments (assignment_id, section_id, assignment_name, description, due_date, total_points, weight_percentage) VALUES ('A0024', 'SEC0009', 'Assignment 24', 'Complete assignment 24', '2023-03-27', 50, 0.1);
INSERT INTO assignments (assignment_id, section_id, assignment_name, description, due_date, total_points, weight_percentage) VALUES ('A0025', 'SEC0018', 'Assignment 25', 'Complete assignment 25', '2023-09-24', 150, 0.1);
INSERT INTO assignments (assignment_id, section_id, assignment_name, description, due_date, total_points, weight_percentage) VALUES ('A0026', 'SEC0013', 'Assignment 26', 'Complete assignment 26', '2024-08-21', 100, 0.2);
INSERT INTO assignments (assignment_id, section_id, assignment_name, description, due_date, total_points, weight_percentage) VALUES ('A0027', 'SEC0021', 'Assignment 27', 'Complete assignment 27', '2024-05-19', 50, 0.15);
INSERT INTO assignments (assignment_id, section_id, assignment_name, description, due_date, total_points, weight_percentage) VALUES ('A0028', 'SEC0005', 'Assignment 28', 'Complete assignment 28', '2024-08-07', 50, 0.1);
INSERT INTO assignments (assignment_id, section_id, assignment_name, description, due_date, total_points, weight_percentage) VALUES ('A0029', 'SEC0009', 'Assignment 29', 'Complete assignment 29', '2023-12-21', 50, 0.2);
INSERT INTO assignments (assignment_id, section_id, assignment_name, description, due_date, total_points, weight_percentage) VALUES ('A0030', 'SEC0017', 'Assignment 30', 'Complete assignment 30', '2024-01-28', 100, 0.15);

-- Insert data into academic_advisors
INSERT INTO academic_advisors (advisor_id, faculty_id, department_id, specialization, max_students) VALUES ('ADV001', 'F001', 'DEPT002', '基础医学', 30);
INSERT INTO academic_advisors (advisor_id, faculty_id, department_id, specialization, max_students) VALUES ('ADV002', 'F002', 'DEPT007', '预防医学', 25);
INSERT INTO academic_advisors (advisor_id, faculty_id, department_id, specialization, max_students) VALUES ('ADV003', 'F003', 'DEPT007', '医学检验', 25);
INSERT INTO academic_advisors (advisor_id, faculty_id, department_id, specialization, max_students) VALUES ('ADV004', 'F004', 'DEPT002', '临床医学', 20);
INSERT INTO academic_advisors (advisor_id, faculty_id, department_id, specialization, max_students) VALUES ('ADV005', 'F005', 'DEPT003', '预防医学', 30);
INSERT INTO academic_advisors (advisor_id, faculty_id, department_id, specialization, max_students) VALUES ('ADV006', 'F006', 'DEPT005', '基础医学', 15);
INSERT INTO academic_advisors (advisor_id, faculty_id, department_id, specialization, max_students) VALUES ('ADV007', 'F007', 'DEPT001', '药学', 15);
INSERT INTO academic_advisors (advisor_id, faculty_id, department_id, specialization, max_students) VALUES ('ADV008', 'F008', 'DEPT003', '预防医学', 20);
INSERT INTO academic_advisors (advisor_id, faculty_id, department_id, specialization, max_students) VALUES ('ADV009', 'F009', 'DEPT004', '医学检验', 20);
INSERT INTO academic_advisors (advisor_id, faculty_id, department_id, specialization, max_students) VALUES ('ADV010', 'F010', 'DEPT003', '基础医学', 20);
INSERT INTO academic_advisors (advisor_id, faculty_id, department_id, specialization, max_students) VALUES ('ADV011', 'F011', 'DEPT003', '药学', 25);
INSERT INTO academic_advisors (advisor_id, faculty_id, department_id, specialization, max_students) VALUES ('ADV012', 'F012', 'DEPT006', '预防医学', 15);
INSERT INTO academic_advisors (advisor_id, faculty_id, department_id, specialization, max_students) VALUES ('ADV013', 'F013', 'DEPT003', '预防医学', 25);
INSERT INTO academic_advisors (advisor_id, faculty_id, department_id, specialization, max_students) VALUES ('ADV014', 'F014', 'DEPT004', '药学', 15);
INSERT INTO academic_advisors (advisor_id, faculty_id, department_id, specialization, max_students) VALUES ('ADV015', 'F015', 'DEPT002', '基础医学', 20);
INSERT INTO academic_advisors (advisor_id, faculty_id, department_id, specialization, max_students) VALUES ('ADV016', 'F016', 'DEPT008', '预防医学', 25);
INSERT INTO academic_advisors (advisor_id, faculty_id, department_id, specialization, max_students) VALUES ('ADV017', 'F017', 'DEPT003', '基础医学', 20);
INSERT INTO academic_advisors (advisor_id, faculty_id, department_id, specialization, max_students) VALUES ('ADV018', 'F018', 'DEPT005', '护理学', 20);
INSERT INTO academic_advisors (advisor_id, faculty_id, department_id, specialization, max_students) VALUES ('ADV019', 'F019', 'DEPT003', '基础医学', 30);
INSERT INTO academic_advisors (advisor_id, faculty_id, department_id, specialization, max_students) VALUES ('ADV020', 'F020', 'DEPT004', '基础医学', 20);

-- Insert data into student_advisor_assignments
INSERT INTO student_advisor_assignments (student_id, advisor_id, assignment_date, end_date) VALUES ('S2020000', 'ADV016', '2021-03-04', NULL);
INSERT INTO student_advisor_assignments (student_id, advisor_id, assignment_date, end_date) VALUES ('S2020001', 'ADV012', '2022-05-10', NULL);
INSERT INTO student_advisor_assignments (student_id, advisor_id, assignment_date, end_date) VALUES ('S2020002', 'ADV018', '2022-04-19', NULL);
INSERT INTO student_advisor_assignments (student_id, advisor_id, assignment_date, end_date) VALUES ('S2020003', 'ADV010', '2023-06-28', NULL);
INSERT INTO student_advisor_assignments (student_id, advisor_id, assignment_date, end_date) VALUES ('S2020004', 'ADV016', '2022-02-28', NULL);
INSERT INTO student_advisor_assignments (student_id, advisor_id, assignment_date, end_date) VALUES ('S2020005', 'ADV020', '2020-08-02', NULL);
INSERT INTO student_advisor_assignments (student_id, advisor_id, assignment_date, end_date) VALUES ('S2020006', 'ADV020', '2022-09-22', NULL);
INSERT INTO student_advisor_assignments (student_id, advisor_id, assignment_date, end_date) VALUES ('S2020007', 'ADV015', '2022-07-09', '2025-03-09');
INSERT INTO student_advisor_assignments (student_id, advisor_id, assignment_date, end_date) VALUES ('S2020008', 'ADV017', '2021-09-01', NULL);
INSERT INTO student_advisor_assignments (student_id, advisor_id, assignment_date, end_date) VALUES ('S2020009', 'ADV015', '2021-08-16', NULL);
INSERT INTO student_advisor_assignments (student_id, advisor_id, assignment_date, end_date) VALUES ('S2020010', 'ADV009', '2022-09-09', NULL);
INSERT INTO student_advisor_assignments (student_id, advisor_id, assignment_date, end_date) VALUES ('S2020011', 'ADV013', '2023-09-25', '2025-10-18');
INSERT INTO student_advisor_assignments (student_id, advisor_id, assignment_date, end_date) VALUES ('S2020012', 'ADV001', '2021-03-18', NULL);
INSERT INTO student_advisor_assignments (student_id, advisor_id, assignment_date, end_date) VALUES ('S2020013', 'ADV013', '2022-03-31', NULL);
INSERT INTO student_advisor_assignments (student_id, advisor_id, assignment_date, end_date) VALUES ('S2020014', 'ADV004', '2020-12-08', NULL);
INSERT INTO student_advisor_assignments (student_id, advisor_id, assignment_date, end_date) VALUES ('S2020015', 'ADV008', '2022-03-05', NULL);
INSERT INTO student_advisor_assignments (student_id, advisor_id, assignment_date, end_date) VALUES ('S2020016', 'ADV010', '2022-02-11', NULL);
INSERT INTO student_advisor_assignments (student_id, advisor_id, assignment_date, end_date) VALUES ('S2020017', 'ADV016', '2021-06-07', NULL);
INSERT INTO student_advisor_assignments (student_id, advisor_id, assignment_date, end_date) VALUES ('S2020018', 'ADV016', '2023-01-18', NULL);
INSERT INTO student_advisor_assignments (student_id, advisor_id, assignment_date, end_date) VALUES ('S2020019', 'ADV011', '2021-02-27', '2024-03-29');
INSERT INTO student_advisor_assignments (student_id, advisor_id, assignment_date, end_date) VALUES ('S2020020', 'ADV006', '2022-06-02', NULL);
INSERT INTO student_advisor_assignments (student_id, advisor_id, assignment_date, end_date) VALUES ('S2020021', 'ADV006', '2021-11-28', NULL);
INSERT INTO student_advisor_assignments (student_id, advisor_id, assignment_date, end_date) VALUES ('S2020022', 'ADV009', '2022-01-23', NULL);
INSERT INTO student_advisor_assignments (student_id, advisor_id, assignment_date, end_date) VALUES ('S2020023', 'ADV004', '2023-05-27', '2024-12-06');
INSERT INTO student_advisor_assignments (student_id, advisor_id, assignment_date, end_date) VALUES ('S2020024', 'ADV020', '2022-12-01', '2024-07-30');
INSERT INTO student_advisor_assignments (student_id, advisor_id, assignment_date, end_date) VALUES ('S2020025', 'ADV014', '2020-12-02', NULL);
INSERT INTO student_advisor_assignments (student_id, advisor_id, assignment_date, end_date) VALUES ('S2020026', 'ADV018', '2021-08-20', NULL);
INSERT INTO student_advisor_assignments (student_id, advisor_id, assignment_date, end_date) VALUES ('S2020027', 'ADV009', '2020-10-13', NULL);
INSERT INTO student_advisor_assignments (student_id, advisor_id, assignment_date, end_date) VALUES ('S2020028', 'ADV017', '2022-06-25', NULL);
INSERT INTO student_advisor_assignments (student_id, advisor_id, assignment_date, end_date) VALUES ('S2020029', 'ADV014', '2021-05-26', NULL);
INSERT INTO student_advisor_assignments (student_id, advisor_id, assignment_date, end_date) VALUES ('S2020030', 'ADV008', '2020-12-09', NULL);
INSERT INTO student_advisor_assignments (student_id, advisor_id, assignment_date, end_date) VALUES ('S2020031', 'ADV011', '2022-12-26', NULL);
INSERT INTO student_advisor_assignments (student_id, advisor_id, assignment_date, end_date) VALUES ('S2020032', 'ADV008', '2021-05-02', NULL);
INSERT INTO student_advisor_assignments (student_id, advisor_id, assignment_date, end_date) VALUES ('S2020033', 'ADV010', '2023-10-13', NULL);
INSERT INTO student_advisor_assignments (student_id, advisor_id, assignment_date, end_date) VALUES ('S2020034', 'ADV005', '2022-06-15', NULL);
INSERT INTO student_advisor_assignments (student_id, advisor_id, assignment_date, end_date) VALUES ('S2020035', 'ADV017', '2022-09-22', '2024-08-11');
INSERT INTO student_advisor_assignments (student_id, advisor_id, assignment_date, end_date) VALUES ('S2020036', 'ADV001', '2023-05-18', NULL);
INSERT INTO student_advisor_assignments (student_id, advisor_id, assignment_date, end_date) VALUES ('S2020037', 'ADV013', '2023-02-17', NULL);
INSERT INTO student_advisor_assignments (student_id, advisor_id, assignment_date, end_date) VALUES ('S2020038', 'ADV012', '2021-11-25', NULL);
INSERT INTO student_advisor_assignments (student_id, advisor_id, assignment_date, end_date) VALUES ('S2020039', 'ADV014', '2020-09-26', '2025-06-20');
INSERT INTO student_advisor_assignments (student_id, advisor_id, assignment_date, end_date) VALUES ('S2020040', 'ADV004', '2021-05-28', NULL);
INSERT INTO student_advisor_assignments (student_id, advisor_id, assignment_date, end_date) VALUES ('S2020041', 'ADV004', '2022-02-09', '2025-03-22');
INSERT INTO student_advisor_assignments (student_id, advisor_id, assignment_date, end_date) VALUES ('S2020042', 'ADV013', '2022-03-29', '2024-05-07');
INSERT INTO student_advisor_assignments (student_id, advisor_id, assignment_date, end_date) VALUES ('S2020043', 'ADV006', '2020-03-13', NULL);
INSERT INTO student_advisor_assignments (student_id, advisor_id, assignment_date, end_date) VALUES ('S2020044', 'ADV020', '2020-12-20', NULL);
INSERT INTO student_advisor_assignments (student_id, advisor_id, assignment_date, end_date) VALUES ('S2020045', 'ADV014', '2023-04-25', NULL);
INSERT INTO student_advisor_assignments (student_id, advisor_id, assignment_date, end_date) VALUES ('S2020046', 'ADV014', '2020-08-08', '2024-09-22');
INSERT INTO student_advisor_assignments (student_id, advisor_id, assignment_date, end_date) VALUES ('S2020047', 'ADV019', '2020-03-07', NULL);
INSERT INTO student_advisor_assignments (student_id, advisor_id, assignment_date, end_date) VALUES ('S2020048', 'ADV002', '2020-04-10', NULL);
INSERT INTO student_advisor_assignments (student_id, advisor_id, assignment_date, end_date) VALUES ('S2020049', 'ADV006', '2021-04-16', NULL);

-- Insert data into course_schedules
INSERT INTO course_schedules (section_id, day_of_week, start_time, end_time, room_id) VALUES ('SEC0006', 'Wednesday', '14:00:00', '15:00:00', 'R007');
INSERT INTO course_schedules (section_id, day_of_week, start_time, end_time, room_id) VALUES ('SEC0023', 'Wednesday', '10:00:00', '13:00:00', 'R017');
INSERT INTO course_schedules (section_id, day_of_week, start_time, end_time, room_id) VALUES ('SEC0013', 'Friday', '16:00:00', '18:00:00', 'R023');
INSERT INTO course_schedules (section_id, day_of_week, start_time, end_time, room_id) VALUES ('SEC0019', 'Monday', '13:00:00', '15:00:00', 'R001');
INSERT INTO course_schedules (section_id, day_of_week, start_time, end_time, room_id) VALUES ('SEC0011', 'Friday', '14:00:00', '15:00:00', 'R008');
INSERT INTO course_schedules (section_id, day_of_week, start_time, end_time, room_id) VALUES ('SEC0002', 'Wednesday', '09:00:00', '11:00:00', 'R029');
INSERT INTO course_schedules (section_id, day_of_week, start_time, end_time, room_id) VALUES ('SEC0014', 'Thursday', '11:00:00', '13:00:00', 'R028');
INSERT INTO course_schedules (section_id, day_of_week, start_time, end_time, room_id) VALUES ('SEC0027', 'Thursday', '12:00:00', '14:00:00', 'R024');
INSERT INTO course_schedules (section_id, day_of_week, start_time, end_time, room_id) VALUES ('SEC0035', 'Tuesday', '11:00:00', '14:00:00', 'R019');
INSERT INTO course_schedules (section_id, day_of_week, start_time, end_time, room_id) VALUES ('SEC0001', 'Friday', '16:00:00', '18:00:00', 'R023');
INSERT INTO course_schedules (section_id, day_of_week, start_time, end_time, room_id) VALUES ('SEC0013', 'Monday', '13:00:00', '16:00:00', 'R020');
INSERT INTO course_schedules (section_id, day_of_week, start_time, end_time, room_id) VALUES ('SEC0024', 'Thursday', '16:00:00', '18:00:00', 'R001');
INSERT INTO course_schedules (section_id, day_of_week, start_time, end_time, room_id) VALUES ('SEC0020', 'Thursday', '11:00:00', '12:00:00', 'R029');
INSERT INTO course_schedules (section_id, day_of_week, start_time, end_time, room_id) VALUES ('SEC0021', 'Tuesday', '08:00:00', '11:00:00', 'R017');
INSERT INTO course_schedules (section_id, day_of_week, start_time, end_time, room_id) VALUES ('SEC0023', 'Wednesday', '16:00:00', '17:00:00', 'R023');
INSERT INTO course_schedules (section_id, day_of_week, start_time, end_time, room_id) VALUES ('SEC0005', 'Tuesday', '08:00:00', '11:00:00', 'R008');
INSERT INTO course_schedules (section_id, day_of_week, start_time, end_time, room_id) VALUES ('SEC0020', 'Friday', '08:00:00', '11:00:00', 'R019');
INSERT INTO course_schedules (section_id, day_of_week, start_time, end_time, room_id) VALUES ('SEC0008', 'Monday', '14:00:00', '16:00:00', 'R005');
INSERT INTO course_schedules (section_id, day_of_week, start_time, end_time, room_id) VALUES ('SEC0010', 'Monday', '11:00:00', '14:00:00', 'R010');
INSERT INTO course_schedules (section_id, day_of_week, start_time, end_time, room_id) VALUES ('SEC0026', 'Monday', '11:00:00', '14:00:00', 'R015');
INSERT INTO course_schedules (section_id, day_of_week, start_time, end_time, room_id) VALUES ('SEC0010', 'Friday', '16:00:00', '19:00:00', 'R009');
INSERT INTO course_schedules (section_id, day_of_week, start_time, end_time, room_id) VALUES ('SEC0028', 'Tuesday', '13:00:00', '14:00:00', 'R019');
INSERT INTO course_schedules (section_id, day_of_week, start_time, end_time, room_id) VALUES ('SEC0034', 'Monday', '16:00:00', '17:00:00', 'R019');
INSERT INTO course_schedules (section_id, day_of_week, start_time, end_time, room_id) VALUES ('SEC0025', 'Wednesday', '14:00:00', '17:00:00', 'R001');
INSERT INTO course_schedules (section_id, day_of_week, start_time, end_time, room_id) VALUES ('SEC0007', 'Thursday', '09:00:00', '11:00:00', 'R006');
INSERT INTO course_schedules (section_id, day_of_week, start_time, end_time, room_id) VALUES ('SEC0008', 'Tuesday', '10:00:00', '11:00:00', 'R005');
INSERT INTO course_schedules (section_id, day_of_week, start_time, end_time, room_id) VALUES ('SEC0004', 'Friday', '14:00:00', '17:00:00', 'R012');
INSERT INTO course_schedules (section_id, day_of_week, start_time, end_time, room_id) VALUES ('SEC0019', 'Monday', '16:00:00', '17:00:00', 'R017');
INSERT INTO course_schedules (section_id, day_of_week, start_time, end_time, room_id) VALUES ('SEC0017', 'Thursday', '13:00:00', '16:00:00', 'R026');
INSERT INTO course_schedules (section_id, day_of_week, start_time, end_time, room_id) VALUES ('SEC0021', 'Monday', '08:00:00', '11:00:00', 'R025');
INSERT INTO course_schedules (section_id, day_of_week, start_time, end_time, room_id) VALUES ('SEC0007', 'Friday', '16:00:00', '17:00:00', 'R011');
INSERT INTO course_schedules (section_id, day_of_week, start_time, end_time, room_id) VALUES ('SEC0012', 'Thursday', '16:00:00', '17:00:00', 'R027');
INSERT INTO course_schedules (section_id, day_of_week, start_time, end_time, room_id) VALUES ('SEC0014', 'Wednesday', '16:00:00', '17:00:00', 'R012');
INSERT INTO course_schedules (section_id, day_of_week, start_time, end_time, room_id) VALUES ('SEC0013', 'Thursday', '10:00:00', '11:00:00', 'R016');
INSERT INTO course_schedules (section_id, day_of_week, start_time, end_time, room_id) VALUES ('SEC0022', 'Wednesday', '14:00:00', '15:00:00', 'R003');
INSERT INTO course_schedules (section_id, day_of_week, start_time, end_time, room_id) VALUES ('SEC0013', 'Friday', '12:00:00', '15:00:00', 'R014');
INSERT INTO course_schedules (section_id, day_of_week, start_time, end_time, room_id) VALUES ('SEC0034', 'Monday', '11:00:00', '14:00:00', 'R014');
INSERT INTO course_schedules (section_id, day_of_week, start_time, end_time, room_id) VALUES ('SEC0023', 'Tuesday', '09:00:00', '12:00:00', 'R006');
INSERT INTO course_schedules (section_id, day_of_week, start_time, end_time, room_id) VALUES ('SEC0023', 'Wednesday', '09:00:00', '11:00:00', 'R024');
INSERT INTO course_schedules (section_id, day_of_week, start_time, end_time, room_id) VALUES ('SEC0016', 'Friday', '08:00:00', '11:00:00', 'R002');

-- Insert data into course_materials
INSERT INTO course_materials (course_id, material_type, title, author, isbn, is_required) VALUES ('C0025', 'Textbook', 'Medical Textbook 1', '刘超涛', '978-3297556533', 1);
INSERT INTO course_materials (course_id, material_type, title, author, isbn, is_required) VALUES ('C0025', 'Lab Manual', 'Medical Lab Manual 2', '胡丽', '978-5670924815', 0);
INSERT INTO course_materials (course_id, material_type, title, author, isbn, is_required) VALUES ('C0022', 'Textbook', 'Medical Textbook 3', '杨伟洋', '978-3516738771', 1);
INSERT INTO course_materials (course_id, material_type, title, author, isbn, is_required) VALUES ('C0035', 'Online', 'Medical Online 4', '杨艳超', '978-7967897609', 1);
INSERT INTO course_materials (course_id, material_type, title, author, isbn, is_required) VALUES ('C0025', 'Online', 'Medical Online 5', '何芳秀英', '978-8602966066', 1);
INSERT INTO course_materials (course_id, material_type, title, author, isbn, is_required) VALUES ('C0038', 'Textbook', 'Medical Textbook 6', '赵芳', '978-4791147206', 1);
INSERT INTO course_materials (course_id, material_type, title, author, isbn, is_required) VALUES ('C0029', 'Textbook', 'Medical Textbook 7', '罗艳秀英', '978-2734171800', 1);
INSERT INTO course_materials (course_id, material_type, title, author, isbn, is_required) VALUES ('C0037', 'Lab Manual', 'Medical Lab Manual 8', '赵勇涛', '978-6047543284', 1);
INSERT INTO course_materials (course_id, material_type, title, author, isbn, is_required) VALUES ('C0030', 'Online', 'Medical Online 9', '刘伟', '978-5268763074', 0);
INSERT INTO course_materials (course_id, material_type, title, author, isbn, is_required) VALUES ('C0022', 'Textbook', 'Medical Textbook 10', '胡伟敏', '978-6017435349', 0);
INSERT INTO course_materials (course_id, material_type, title, author, isbn, is_required) VALUES ('C0004', 'Textbook', 'Medical Textbook 11', '孙敏', '978-5934811355', 1);
INSERT INTO course_materials (course_id, material_type, title, author, isbn, is_required) VALUES ('C0022', 'Textbook', 'Medical Textbook 12', '徐超静', '978-7279821559', 1);
INSERT INTO course_materials (course_id, material_type, title, author, isbn, is_required) VALUES ('C0010', 'Online', 'Medical Online 13', '陈涛静', '978-6442647563', 1);
INSERT INTO course_materials (course_id, material_type, title, author, isbn, is_required) VALUES ('C0039', 'Reference', 'Medical Reference 14', '胡敏', '978-3983555497', 1);
INSERT INTO course_materials (course_id, material_type, title, author, isbn, is_required) VALUES ('C0035', 'Reference', 'Medical Reference 15', '林秀兰静', '978-6550403744', 1);
INSERT INTO course_materials (course_id, material_type, title, author, isbn, is_required) VALUES ('C0024', 'Online', 'Medical Online 16', '李杰军', '978-4431014264', 1);
INSERT INTO course_materials (course_id, material_type, title, author, isbn, is_required) VALUES ('C0013', 'Online', 'Medical Online 17', '吴霞', '978-6408923558', 1);
INSERT INTO course_materials (course_id, material_type, title, author, isbn, is_required) VALUES ('C0021', 'Reference', 'Medical Reference 18', '林涛', '978-5922075935', 1);
INSERT INTO course_materials (course_id, material_type, title, author, isbn, is_required) VALUES ('C0001', 'Lab Manual', 'Medical Lab Manual 19', '朱敏', '978-6666217710', 0);
INSERT INTO course_materials (course_id, material_type, title, author, isbn, is_required) VALUES ('C0005', 'Online', 'Medical Online 20', '陈磊', '978-5821493426', 0);
INSERT INTO course_materials (course_id, material_type, title, author, isbn, is_required) VALUES ('C0034', 'Lab Manual', 'Medical Lab Manual 21', '吴涛', '978-2603444621', 1);
INSERT INTO course_materials (course_id, material_type, title, author, isbn, is_required) VALUES ('C0005', 'Textbook', 'Medical Textbook 22', '刘霞静', '978-4153682597', 1);
INSERT INTO course_materials (course_id, material_type, title, author, isbn, is_required) VALUES ('C0014', 'Online', 'Medical Online 23', '郭秀兰平', '978-4644746421', 0);
INSERT INTO course_materials (course_id, material_type, title, author, isbn, is_required) VALUES ('C0009', 'Online', 'Medical Online 24', '周杰洋', '978-6610205475', 1);
INSERT INTO course_materials (course_id, material_type, title, author, isbn, is_required) VALUES ('C0021', 'Textbook', 'Medical Textbook 25', '黄涛明', '978-7818207716', 1);
INSERT INTO course_materials (course_id, material_type, title, author, isbn, is_required) VALUES ('C0030', 'Reference', 'Medical Reference 26', '郭磊丽', '978-8919266006', 1);
INSERT INTO course_materials (course_id, material_type, title, author, isbn, is_required) VALUES ('C0002', 'Online', 'Medical Online 27', '胡磊秀兰', '978-6155479391', 1);
INSERT INTO course_materials (course_id, material_type, title, author, isbn, is_required) VALUES ('C0013', 'Reference', 'Medical Reference 28', '周丽平', '978-6960193165', 1);
INSERT INTO course_materials (course_id, material_type, title, author, isbn, is_required) VALUES ('C0013', 'Lab Manual', 'Medical Lab Manual 29', '赵秀兰', '978-1248581591', 0);
INSERT INTO course_materials (course_id, material_type, title, author, isbn, is_required) VALUES ('C0003', 'Lab Manual', 'Medical Lab Manual 30', '杨秀英娜', '978-1770068468', 0);
INSERT INTO course_materials (course_id, material_type, title, author, isbn, is_required) VALUES ('C0034', 'Textbook', 'Medical Textbook 31', '王艳', '978-7188170556', 1);
INSERT INTO course_materials (course_id, material_type, title, author, isbn, is_required) VALUES ('C0037', 'Textbook', 'Medical Textbook 32', '周秀英娜', '978-6749846754', 0);
INSERT INTO course_materials (course_id, material_type, title, author, isbn, is_required) VALUES ('C0014', 'Lab Manual', 'Medical Lab Manual 33', '罗静', '978-8920110269', 1);
INSERT INTO course_materials (course_id, material_type, title, author, isbn, is_required) VALUES ('C0011', 'Textbook', 'Medical Textbook 34', '陈涛', '978-2302447797', 1);
INSERT INTO course_materials (course_id, material_type, title, author, isbn, is_required) VALUES ('C0019', 'Online', 'Medical Online 35', '罗军', '978-9891171506', 1);

-- Insert data into course_prerequisites
INSERT INTO course_prerequisites (course_id, prerequisite_course_id, is_mandatory) VALUES ('C0011', 'C0010', 1);
INSERT INTO course_prerequisites (course_id, prerequisite_course_id, is_mandatory) VALUES ('C0034', 'C0014', 1);
INSERT INTO course_prerequisites (course_id, prerequisite_course_id, is_mandatory) VALUES ('C0026', 'C0003', 1);
INSERT INTO course_prerequisites (course_id, prerequisite_course_id, is_mandatory) VALUES ('C0026', 'C0004', 1);
INSERT INTO course_prerequisites (course_id, prerequisite_course_id, is_mandatory) VALUES ('C0031', 'C0017', 1);
INSERT INTO course_prerequisites (course_id, prerequisite_course_id, is_mandatory) VALUES ('C0018', 'C0008', 1);
INSERT INTO course_prerequisites (course_id, prerequisite_course_id, is_mandatory) VALUES ('C0025', 'C0012', 0);
INSERT INTO course_prerequisites (course_id, prerequisite_course_id, is_mandatory) VALUES ('C0028', 'C0017', 1);
INSERT INTO course_prerequisites (course_id, prerequisite_course_id, is_mandatory) VALUES ('C0025', 'C0019', 0);
INSERT INTO course_prerequisites (course_id, prerequisite_course_id, is_mandatory) VALUES ('C0012', 'C0002', 1);
INSERT INTO course_prerequisites (course_id, prerequisite_course_id, is_mandatory) VALUES ('C0005', 'C0003', 1);
INSERT INTO course_prerequisites (course_id, prerequisite_course_id, is_mandatory) VALUES ('C0034', 'C0009', 1);
INSERT INTO course_prerequisites (course_id, prerequisite_course_id, is_mandatory) VALUES ('C0017', 'C0012', 0);
INSERT INTO course_prerequisites (course_id, prerequisite_course_id, is_mandatory) VALUES ('C0027', 'C0007', 0);
INSERT INTO course_prerequisites (course_id, prerequisite_course_id, is_mandatory) VALUES ('C0036', 'C0009', 1);
INSERT INTO course_prerequisites (course_id, prerequisite_course_id, is_mandatory) VALUES ('C0019', 'C0005', 1);
INSERT INTO course_prerequisites (course_id, prerequisite_course_id, is_mandatory) VALUES ('C0022', 'C0012', 0);
INSERT INTO course_prerequisites (course_id, prerequisite_course_id, is_mandatory) VALUES ('C0033', 'C0007', 1);
INSERT INTO course_prerequisites (course_id, prerequisite_course_id, is_mandatory) VALUES ('C0021', 'C0009', 1);
INSERT INTO course_prerequisites (course_id, prerequisite_course_id, is_mandatory) VALUES ('C0010', 'C0011', 1);
INSERT INTO course_prerequisites (course_id, prerequisite_course_id, is_mandatory) VALUES ('C0006', 'C0011', 1);
INSERT INTO course_prerequisites (course_id, prerequisite_course_id, is_mandatory) VALUES ('C0009', 'C0001', 1);
INSERT INTO course_prerequisites (course_id, prerequisite_course_id, is_mandatory) VALUES ('C0021', 'C0001', 1);
INSERT INTO course_prerequisites (course_id, prerequisite_course_id, is_mandatory) VALUES ('C0012', 'C0013', 1);
INSERT INTO course_prerequisites (course_id, prerequisite_course_id, is_mandatory) VALUES ('C0017', 'C0003', 0);
