-- Medical School Test Data
-- Generated test data for all tables
-- Generated on: 2025-11-04 10:39:22


-- Insert data into students
INSERT INTO students (student_id, name, gender, date_of_birth, id_card_number, phone, email, admission_date, graduation_date, status) VALUES ('S2020000', '孙秀兰', 'M', '2005-02-22', '254110200010236829', '17128665623', 'student0@gmail.com', '2022-07-08', '2022-03-25', 'Graduated');
INSERT INTO students (student_id, name, gender, date_of_birth, id_card_number, phone, email, admission_date, graduation_date, status) VALUES ('S2020001', '赵娜', 'F', '2002-11-05', '427751199506105618', '16286255024', 'student1@163.com', '2022-10-25', NULL, 'Graduated');
INSERT INTO students (student_id, name, gender, date_of_birth, id_card_number, phone, email, admission_date, graduation_date, status) VALUES ('S2020002', '陈明丽', 'M', '2004-08-08', '811186200304285964', '14699478641', 'student2@qq.com', '2021-10-20', '2024-09-25', 'Active');
INSERT INTO students (student_id, name, gender, date_of_birth, id_card_number, phone, email, admission_date, graduation_date, status) VALUES ('S2020003', '吴娜', 'M', '1998-11-02', '248252199602078247', '19921160447', 'student3@163.com', '2023-01-19', NULL, 'Suspended');
INSERT INTO students (student_id, name, gender, date_of_birth, id_card_number, phone, email, admission_date, graduation_date, status) VALUES ('S2020004', '徐洋静', 'F', '2003-04-07', '511103199712263676', '17210813931', 'student4@gmail.com', '2023-11-27', '2023-06-28', 'Withdrawn');
INSERT INTO students (student_id, name, gender, date_of_birth, id_card_number, phone, email, admission_date, graduation_date, status) VALUES ('S2020005', '何秀英', 'M', '2003-12-29', '626727200303022704', '15452113519', 'student5@qq.com', '2018-11-25', NULL, 'Suspended');
INSERT INTO students (student_id, name, gender, date_of_birth, id_card_number, phone, email, admission_date, graduation_date, status) VALUES ('S2020006', '罗涛', 'M', '1996-02-09', '542284200005318454', '17249067996', 'student6@gmail.com', '2018-08-30', NULL, 'Withdrawn');
INSERT INTO students (student_id, name, gender, date_of_birth, id_card_number, phone, email, admission_date, graduation_date, status) VALUES ('S2020007', '马霞', 'F', '1995-08-06', '708532200404133117', '13750106687', 'student7@qq.com', '2018-10-20', NULL, 'Suspended');
INSERT INTO students (student_id, name, gender, date_of_birth, id_card_number, phone, email, admission_date, graduation_date, status) VALUES ('S2020008', '周秀英', 'F', '2002-08-16', '713192199607068754', '16777361233', 'student8@qq.com', '2020-09-11', '2023-08-16', 'Graduated');
INSERT INTO students (student_id, name, gender, date_of_birth, id_card_number, phone, email, admission_date, graduation_date, status) VALUES ('S2020009', '马伟超', 'F', '1997-05-28', '537776199901164233', '15491269828', 'student9@163.com', '2020-06-20', NULL, 'Graduated');
INSERT INTO students (student_id, name, gender, date_of_birth, id_card_number, phone, email, admission_date, graduation_date, status) VALUES ('S2020010', '张娜', 'F', '1997-07-03', '890904199903319777', '19535493265', 'student10@outlook.com', '2019-03-05', NULL, 'Graduated');
INSERT INTO students (student_id, name, gender, date_of_birth, id_card_number, phone, email, admission_date, graduation_date, status) VALUES ('S2020011', '杨军', 'F', '2003-11-08', '475790199601076039', '17435856761', 'student11@qq.com', '2020-06-01', '2024-05-05', 'Suspended');
INSERT INTO students (student_id, name, gender, date_of_birth, id_card_number, phone, email, admission_date, graduation_date, status) VALUES ('S2020012', '吴洋', 'F', '1996-06-19', '283657200106283769', '16656760570', 'student12@gmail.com', '2023-12-10', '2023-11-17', 'Suspended');
INSERT INTO students (student_id, name, gender, date_of_birth, id_card_number, phone, email, admission_date, graduation_date, status) VALUES ('S2020013', '周艳艳', 'F', '2003-08-11', '998920199912242050', '15186991804', 'student13@qq.com', '2023-02-09', '2023-06-21', 'Active');
INSERT INTO students (student_id, name, gender, date_of_birth, id_card_number, phone, email, admission_date, graduation_date, status) VALUES ('S2020014', '孙涛', 'F', '1997-03-18', '866669199804148566', '13354289238', 'student14@163.com', '2020-10-23', '2022-04-18', 'Withdrawn');
INSERT INTO students (student_id, name, gender, date_of_birth, id_card_number, phone, email, admission_date, graduation_date, status) VALUES ('S2020015', '刘强平', 'M', '2001-04-14', '814166200109052735', '19242667064', 'student15@qq.com', '2021-01-05', '2023-02-08', 'Withdrawn');
INSERT INTO students (student_id, name, gender, date_of_birth, id_card_number, phone, email, admission_date, graduation_date, status) VALUES ('S2020016', '何洋秀英', 'M', '1996-02-14', '583357199510258560', '13172478427', 'student16@qq.com', '2018-04-26', '2023-11-23', 'Suspended');
INSERT INTO students (student_id, name, gender, date_of_birth, id_card_number, phone, email, admission_date, graduation_date, status) VALUES ('S2020017', '刘娜', 'F', '2001-06-30', '430470200309093161', '16945095074', 'student17@outlook.com', '2018-01-16', NULL, 'Suspended');
INSERT INTO students (student_id, name, gender, date_of_birth, id_card_number, phone, email, admission_date, graduation_date, status) VALUES ('S2020018', '赵秀兰丽', 'M', '1996-12-24', '835266199503143136', '14431549677', 'student18@gmail.com', '2022-02-22', NULL, 'Active');
INSERT INTO students (student_id, name, gender, date_of_birth, id_card_number, phone, email, admission_date, graduation_date, status) VALUES ('S2020019', '黄磊明', 'F', '2003-10-29', '852114199502278875', '13429757018', 'student19@163.com', '2022-11-09', NULL, 'Withdrawn');
INSERT INTO students (student_id, name, gender, date_of_birth, id_card_number, phone, email, admission_date, graduation_date, status) VALUES ('S2020020', '杨伟静', 'F', '1997-02-14', '354482200111164330', '19276862551', 'student20@qq.com', '2019-06-27', NULL, 'Graduated');
INSERT INTO students (student_id, name, gender, date_of_birth, id_card_number, phone, email, admission_date, graduation_date, status) VALUES ('S2020021', '朱伟涛', 'F', '2003-07-29', '927927200207109023', '17729509694', 'student21@outlook.com', '2023-12-25', NULL, 'Graduated');
INSERT INTO students (student_id, name, gender, date_of_birth, id_card_number, phone, email, admission_date, graduation_date, status) VALUES ('S2020022', '刘伟秀英', 'M', '1995-04-01', '785049200405272633', '15815439182', 'student22@qq.com', '2022-08-19', '2024-07-06', 'Withdrawn');
INSERT INTO students (student_id, name, gender, date_of_birth, id_card_number, phone, email, admission_date, graduation_date, status) VALUES ('S2020023', '郭强秀英', 'M', '2003-04-28', '907529200512089241', '15642159898', 'student23@qq.com', '2022-11-27', NULL, 'Suspended');
INSERT INTO students (student_id, name, gender, date_of_birth, id_card_number, phone, email, admission_date, graduation_date, status) VALUES ('S2020024', '胡勇霞', 'M', '2001-03-21', '852570199901274177', '16347424737', 'student24@outlook.com', '2020-10-20', NULL, 'Suspended');
INSERT INTO students (student_id, name, gender, date_of_birth, id_card_number, phone, email, admission_date, graduation_date, status) VALUES ('S2020025', '徐军秀兰', 'M', '2004-07-01', '321478200405017780', '19326010237', 'student25@outlook.com', '2023-02-24', '2024-11-01', 'Graduated');
INSERT INTO students (student_id, name, gender, date_of_birth, id_card_number, phone, email, admission_date, graduation_date, status) VALUES ('S2020026', '周秀兰静', 'F', '2002-11-12', '416558199801111594', '17513844670', 'student26@outlook.com', '2022-01-13', NULL, 'Active');
INSERT INTO students (student_id, name, gender, date_of_birth, id_card_number, phone, email, admission_date, graduation_date, status) VALUES ('S2020027', '胡静敏', 'M', '1999-09-19', '736814199806283602', '15877665650', 'student27@163.com', '2023-01-07', '2022-09-26', 'Suspended');
INSERT INTO students (student_id, name, gender, date_of_birth, id_card_number, phone, email, admission_date, graduation_date, status) VALUES ('S2020028', '马军平', 'M', '2000-11-04', '756498199805204689', '13162883497', 'student28@outlook.com', '2018-01-23', NULL, 'Active');
INSERT INTO students (student_id, name, gender, date_of_birth, id_card_number, phone, email, admission_date, graduation_date, status) VALUES ('S2020029', '王涛', 'F', '2001-09-12', '415807200002281107', '16541235085', 'student29@gmail.com', '2022-08-09', NULL, 'Active');
INSERT INTO students (student_id, name, gender, date_of_birth, id_card_number, phone, email, admission_date, graduation_date, status) VALUES ('S2020030', '林娜', 'M', '1996-09-12', '971664200303068565', '16288707602', 'student30@qq.com', '2023-09-11', NULL, 'Active');
INSERT INTO students (student_id, name, gender, date_of_birth, id_card_number, phone, email, admission_date, graduation_date, status) VALUES ('S2020031', '何杰', 'F', '2002-01-15', '921856199505177761', '14605715365', 'student31@163.com', '2023-12-07', NULL, 'Graduated');
INSERT INTO students (student_id, name, gender, date_of_birth, id_card_number, phone, email, admission_date, graduation_date, status) VALUES ('S2020032', '马秀英', 'F', '1996-04-10', '571990200202195276', '17746880178', 'student32@outlook.com', '2018-01-22', '2024-09-12', 'Suspended');
INSERT INTO students (student_id, name, gender, date_of_birth, id_card_number, phone, email, admission_date, graduation_date, status) VALUES ('S2020033', '周洋', 'M', '2001-08-30', '911042200003118840', '18895890746', 'student33@163.com', '2023-05-30', NULL, 'Suspended');
INSERT INTO students (student_id, name, gender, date_of_birth, id_card_number, phone, email, admission_date, graduation_date, status) VALUES ('S2020034', '刘超秀英', 'F', '1996-01-20', '847363200212078753', '15942775932', 'student34@outlook.com', '2021-12-15', NULL, 'Suspended');
INSERT INTO students (student_id, name, gender, date_of_birth, id_card_number, phone, email, admission_date, graduation_date, status) VALUES ('S2020035', '王勇', 'M', '1998-12-11', '984587199601023679', '15943101791', 'student35@163.com', '2019-11-24', '2023-03-18', 'Withdrawn');
INSERT INTO students (student_id, name, gender, date_of_birth, id_card_number, phone, email, admission_date, graduation_date, status) VALUES ('S2020036', '郭磊强', 'F', '1999-09-11', '300254200312058095', '16708826964', 'student36@qq.com', '2023-05-21', NULL, 'Graduated');
INSERT INTO students (student_id, name, gender, date_of_birth, id_card_number, phone, email, admission_date, graduation_date, status) VALUES ('S2020037', '杨涛', 'F', '2002-06-17', '571732200002273258', '15202439831', 'student37@outlook.com', '2023-10-13', NULL, 'Withdrawn');
INSERT INTO students (student_id, name, gender, date_of_birth, id_card_number, phone, email, admission_date, graduation_date, status) VALUES ('S2020038', '林静敏', 'F', '2005-03-08', '798046200008315781', '16808071317', 'student38@qq.com', '2021-01-08', NULL, 'Active');
INSERT INTO students (student_id, name, gender, date_of_birth, id_card_number, phone, email, admission_date, graduation_date, status) VALUES ('S2020039', '胡霞', 'F', '2001-10-19', '523052200205317816', '18801248765', 'student39@gmail.com', '2020-04-03', NULL, 'Graduated');
INSERT INTO students (student_id, name, gender, date_of_birth, id_card_number, phone, email, admission_date, graduation_date, status) VALUES ('S2020040', '李秀英', 'M', '1995-01-13', '173026199510039194', '18988433877', 'student40@gmail.com', '2022-11-14', NULL, 'Active');
INSERT INTO students (student_id, name, gender, date_of_birth, id_card_number, phone, email, admission_date, graduation_date, status) VALUES ('S2020041', '周明超', 'M', '1998-10-26', '932148199902256114', '14829418989', 'student41@gmail.com', '2019-04-06', NULL, 'Withdrawn');
INSERT INTO students (student_id, name, gender, date_of_birth, id_card_number, phone, email, admission_date, graduation_date, status) VALUES ('S2020042', '孙明', 'M', '2000-05-21', '404085200004018563', '17319591904', 'student42@outlook.com', '2023-05-04', '2023-02-13', 'Graduated');
INSERT INTO students (student_id, name, gender, date_of_birth, id_card_number, phone, email, admission_date, graduation_date, status) VALUES ('S2020043', '马秀英军', 'M', '1999-08-24', '505262200210261123', '19952396213', 'student43@outlook.com', '2019-10-03', '2024-04-25', 'Suspended');
INSERT INTO students (student_id, name, gender, date_of_birth, id_card_number, phone, email, admission_date, graduation_date, status) VALUES ('S2020044', '刘勇', 'M', '1999-09-21', '955925199602197954', '16964273245', 'student44@163.com', '2023-11-20', '2024-11-06', 'Withdrawn');
INSERT INTO students (student_id, name, gender, date_of_birth, id_card_number, phone, email, admission_date, graduation_date, status) VALUES ('S2020045', '赵静', 'F', '2002-04-07', '872237200307116612', '14263246659', 'student45@qq.com', '2022-05-28', NULL, 'Suspended');
INSERT INTO students (student_id, name, gender, date_of_birth, id_card_number, phone, email, admission_date, graduation_date, status) VALUES ('S2020046', '陈涛', 'F', '1998-02-21', '428769200204098249', '15618850736', 'student46@163.com', '2019-01-23', NULL, 'Suspended');
INSERT INTO students (student_id, name, gender, date_of_birth, id_card_number, phone, email, admission_date, graduation_date, status) VALUES ('S2020047', '孙平磊', 'F', '2005-03-16', '721021199608177627', '14975200481', 'student47@gmail.com', '2018-06-14', '2023-07-15', 'Active');
INSERT INTO students (student_id, name, gender, date_of_birth, id_card_number, phone, email, admission_date, graduation_date, status) VALUES ('S2020048', '郭丽', 'M', '1996-09-13', '277475200204044963', '19303816898', 'student48@gmail.com', '2018-12-15', NULL, 'Graduated');
INSERT INTO students (student_id, name, gender, date_of_birth, id_card_number, phone, email, admission_date, graduation_date, status) VALUES ('S2020049', '林敏芳', 'M', '2004-06-12', '307270199605288797', '14741225238', 'student49@gmail.com', '2021-03-04', '2024-01-18', 'Withdrawn');

-- Insert data into departments
INSERT INTO departments (department_id, department_name, head_faculty_id, building, phone, email, established_date) VALUES ('DEPT001', '基础医学系', 'F016', 'Building A', '19374182284', 'dept0@gmail.com', '2004-02-10');
INSERT INTO departments (department_id, department_name, head_faculty_id, building, phone, email, established_date) VALUES ('DEPT002', '临床医学系', 'F006', 'Building B', '16254301517', 'dept1@gmail.com', '2001-11-13');
INSERT INTO departments (department_id, department_name, head_faculty_id, building, phone, email, established_date) VALUES ('DEPT003', '预防医学系', 'F013', 'Building C', '15877690875', 'dept2@qq.com', '2010-08-19');
INSERT INTO departments (department_id, department_name, head_faculty_id, building, phone, email, established_date) VALUES ('DEPT004', '药学系', 'F017', 'Building D', '18643936645', 'dept3@outlook.com', '2000-11-01');
INSERT INTO departments (department_id, department_name, head_faculty_id, building, phone, email, established_date) VALUES ('DEPT005', '护理学系', 'F013', 'Building E', '17834772255', 'dept4@qq.com', '1993-06-15');
INSERT INTO departments (department_id, department_name, head_faculty_id, building, phone, email, established_date) VALUES ('DEPT006', '医学检验系', 'F011', 'Building F', '14136056889', 'dept5@gmail.com', '1987-07-28');
INSERT INTO departments (department_id, department_name, head_faculty_id, building, phone, email, established_date) VALUES ('DEPT007', '医学影像系', 'F025', 'Building G', '17509722556', 'dept6@163.com', '1991-09-30');
INSERT INTO departments (department_id, department_name, head_faculty_id, building, phone, email, established_date) VALUES ('DEPT008', '口腔医学系', 'F001', 'Building H', '17501770781', 'dept7@gmail.com', '1994-07-28');

-- Insert data into programs
INSERT INTO programs (program_id, program_name, degree_type, duration_years, total_credits_required, department_id) VALUES ('PROG001', '临床医学本科', 'Bachelor', 5, 240, 'DEPT002');
INSERT INTO programs (program_id, program_name, degree_type, duration_years, total_credits_required, department_id) VALUES ('PROG002', '基础医学硕士', 'Master', 3, 90, 'DEPT001');
INSERT INTO programs (program_id, program_name, degree_type, duration_years, total_credits_required, department_id) VALUES ('PROG003', '预防医学本科', 'Bachelor', 5, 240, 'DEPT003');
INSERT INTO programs (program_id, program_name, degree_type, duration_years, total_credits_required, department_id) VALUES ('PROG004', '药学本科', 'Bachelor', 4, 180, 'DEPT004');
INSERT INTO programs (program_id, program_name, degree_type, duration_years, total_credits_required, department_id) VALUES ('PROG005', '护理学本科', 'Bachelor', 4, 160, 'DEPT005');

-- Insert data into faculty
INSERT INTO faculty (faculty_id, name, title, department_id, email, phone, office_location, hire_date) VALUES ('F001', '马明', 'Instructor', 'DEPT001', 'faculty0@qq.com', '13127816199', 'Room 925', '2009-05-25');
INSERT INTO faculty (faculty_id, name, title, department_id, email, phone, office_location, hire_date) VALUES ('F002', '张超平', 'Assistant Professor', 'DEPT002', 'faculty1@gmail.com', '13887638793', 'Room 341', '2022-11-20');
INSERT INTO faculty (faculty_id, name, title, department_id, email, phone, office_location, hire_date) VALUES ('F003', '王洋', 'Professor', 'DEPT003', 'faculty2@outlook.com', '19634437410', 'Room 739', '2017-06-14');
INSERT INTO faculty (faculty_id, name, title, department_id, email, phone, office_location, hire_date) VALUES ('F004', '张勇', 'Assistant Professor', 'DEPT001', 'faculty3@gmail.com', '14439460359', 'Room 136', '2021-04-23');
INSERT INTO faculty (faculty_id, name, title, department_id, email, phone, office_location, hire_date) VALUES ('F005', '罗涛', 'Professor', 'DEPT003', 'faculty4@163.com', '14142200985', 'Room 130', '2016-05-05');
INSERT INTO faculty (faculty_id, name, title, department_id, email, phone, office_location, hire_date) VALUES ('F006', '胡芳磊', 'Associate Professor', 'DEPT002', 'faculty5@163.com', '16724569952', 'Room 600', '2023-07-20');
INSERT INTO faculty (faculty_id, name, title, department_id, email, phone, office_location, hire_date) VALUES ('F007', '马敏强', 'Assistant Professor', 'DEPT003', 'faculty6@outlook.com', '18391544835', 'Room 451', '2013-08-03');
INSERT INTO faculty (faculty_id, name, title, department_id, email, phone, office_location, hire_date) VALUES ('F008', '朱平', 'Professor', 'DEPT004', 'faculty7@163.com', '14157779222', 'Room 289', '2022-05-17');
INSERT INTO faculty (faculty_id, name, title, department_id, email, phone, office_location, hire_date) VALUES ('F009', '高敏杰', 'Assistant Professor', 'DEPT004', 'faculty8@outlook.com', '14985293413', 'Room 977', '2000-06-29');
INSERT INTO faculty (faculty_id, name, title, department_id, email, phone, office_location, hire_date) VALUES ('F010', '黄平娜', 'Associate Professor', 'DEPT001', 'faculty9@gmail.com', '13943386026', 'Room 194', '2019-09-11');
INSERT INTO faculty (faculty_id, name, title, department_id, email, phone, office_location, hire_date) VALUES ('F011', '林勇芳', 'Professor', 'DEPT004', 'faculty10@outlook.com', '15612738289', 'Room 906', '2002-07-15');
INSERT INTO faculty (faculty_id, name, title, department_id, email, phone, office_location, hire_date) VALUES ('F012', '黄超秀英', 'Assistant Professor', 'DEPT004', 'faculty11@outlook.com', '18671671600', 'Room 172', '2013-08-02');
INSERT INTO faculty (faculty_id, name, title, department_id, email, phone, office_location, hire_date) VALUES ('F013', '何敏', 'Lecturer', 'DEPT006', 'faculty12@gmail.com', '16964423051', 'Room 994', '2001-11-01');
INSERT INTO faculty (faculty_id, name, title, department_id, email, phone, office_location, hire_date) VALUES ('F014', '赵平磊', 'Associate Professor', 'DEPT008', 'faculty13@qq.com', '14738568869', 'Room 956', '2014-08-08');
INSERT INTO faculty (faculty_id, name, title, department_id, email, phone, office_location, hire_date) VALUES ('F015', '胡洋娜', 'Lecturer', 'DEPT006', 'faculty14@qq.com', '16237082328', 'Room 759', '2006-05-01');
INSERT INTO faculty (faculty_id, name, title, department_id, email, phone, office_location, hire_date) VALUES ('F016', '林洋', 'Lecturer', 'DEPT003', 'faculty15@outlook.com', '17583189165', 'Room 333', '2005-04-04');
INSERT INTO faculty (faculty_id, name, title, department_id, email, phone, office_location, hire_date) VALUES ('F017', '罗军', 'Professor', 'DEPT005', 'faculty16@outlook.com', '15169802454', 'Room 643', '2022-10-19');
INSERT INTO faculty (faculty_id, name, title, department_id, email, phone, office_location, hire_date) VALUES ('F018', '周娜勇', 'Instructor', 'DEPT008', 'faculty17@outlook.com', '16405890117', 'Room 517', '2023-01-31');
INSERT INTO faculty (faculty_id, name, title, department_id, email, phone, office_location, hire_date) VALUES ('F019', '王芳', 'Professor', 'DEPT005', 'faculty18@qq.com', '16651536442', 'Room 593', '2012-05-16');
INSERT INTO faculty (faculty_id, name, title, department_id, email, phone, office_location, hire_date) VALUES ('F020', '周强洋', 'Instructor', 'DEPT008', 'faculty19@163.com', '16427976229', 'Room 981', '2002-01-09');
INSERT INTO faculty (faculty_id, name, title, department_id, email, phone, office_location, hire_date) VALUES ('F021', '胡超', 'Professor', 'DEPT001', 'faculty20@gmail.com', '19582540476', 'Room 995', '2014-03-15');
INSERT INTO faculty (faculty_id, name, title, department_id, email, phone, office_location, hire_date) VALUES ('F022', '郭杰明', 'Assistant Professor', 'DEPT006', 'faculty21@outlook.com', '15620550807', 'Room 115', '2019-03-07');
INSERT INTO faculty (faculty_id, name, title, department_id, email, phone, office_location, hire_date) VALUES ('F023', '陈芳', 'Associate Professor', 'DEPT005', 'faculty22@163.com', '14387062671', 'Room 670', '2004-04-28');
INSERT INTO faculty (faculty_id, name, title, department_id, email, phone, office_location, hire_date) VALUES ('F024', '罗强磊', 'Associate Professor', 'DEPT008', 'faculty23@gmail.com', '15168689158', 'Room 302', '2018-12-22');
INSERT INTO faculty (faculty_id, name, title, department_id, email, phone, office_location, hire_date) VALUES ('F025', '李强涛', 'Instructor', 'DEPT006', 'faculty24@163.com', '16242045608', 'Room 948', '2009-08-05');
INSERT INTO faculty (faculty_id, name, title, department_id, email, phone, office_location, hire_date) VALUES ('F026', '黄秀兰艳', 'Instructor', 'DEPT007', 'faculty25@qq.com', '16899652455', 'Room 211', '2014-10-07');
INSERT INTO faculty (faculty_id, name, title, department_id, email, phone, office_location, hire_date) VALUES ('F027', '周秀兰', 'Professor', 'DEPT003', 'faculty26@qq.com', '15909731180', 'Room 288', '2007-03-21');
INSERT INTO faculty (faculty_id, name, title, department_id, email, phone, office_location, hire_date) VALUES ('F028', '高洋', 'Instructor', 'DEPT004', 'faculty27@163.com', '19266659570', 'Room 293', '2013-11-08');
INSERT INTO faculty (faculty_id, name, title, department_id, email, phone, office_location, hire_date) VALUES ('F029', '徐芳', 'Assistant Professor', 'DEPT003', 'faculty28@qq.com', '18108244140', 'Room 625', '2010-05-10');
INSERT INTO faculty (faculty_id, name, title, department_id, email, phone, office_location, hire_date) VALUES ('F030', '罗洋', 'Associate Professor', 'DEPT005', 'faculty29@qq.com', '13815610841', 'Room 349', '2022-11-10');

-- Insert data into courses
INSERT INTO courses (course_id, course_name, course_code, credits, department_id, description, level) VALUES ('C0001', '人体解剖学', 'MED5044', 2, 'DEPT008', '人体解剖学课程描述', 'Both');
INSERT INTO courses (course_id, course_name, course_code, credits, department_id, description, level) VALUES ('C0002', '生理学', 'MED4933', 4, 'DEPT002', '生理学课程描述', 'Undergraduate');
INSERT INTO courses (course_id, course_name, course_code, credits, department_id, description, level) VALUES ('C0003', '病理学', 'MED1335', 2, 'DEPT003', '病理学课程描述', 'Both');
INSERT INTO courses (course_id, course_name, course_code, credits, department_id, description, level) VALUES ('C0004', '药理学', 'MED2991', 5, 'DEPT008', '药理学课程描述', 'Both');
INSERT INTO courses (course_id, course_name, course_code, credits, department_id, description, level) VALUES ('C0005', '内科学', 'MED3315', 2, 'DEPT003', '内科学课程描述', 'Graduate');
INSERT INTO courses (course_id, course_name, course_code, credits, department_id, description, level) VALUES ('C0006', '外科学', 'MED2510', 3, 'DEPT002', '外科学课程描述', 'Graduate');
INSERT INTO courses (course_id, course_name, course_code, credits, department_id, description, level) VALUES ('C0007', '儿科学', 'MED8074', 3, 'DEPT008', '儿科学课程描述', 'Both');
INSERT INTO courses (course_id, course_name, course_code, credits, department_id, description, level) VALUES ('C0008', '妇产科学', 'MED5527', 3, 'DEPT006', '妇产科学课程描述', 'Undergraduate');
INSERT INTO courses (course_id, course_name, course_code, credits, department_id, description, level) VALUES ('C0009', '预防医学', 'MED3122', 5, 'DEPT007', '预防医学课程描述', 'Both');
INSERT INTO courses (course_id, course_name, course_code, credits, department_id, description, level) VALUES ('C0010', '流行病学', 'MED5252', 3, 'DEPT002', '流行病学课程描述', 'Both');
INSERT INTO courses (course_id, course_name, course_code, credits, department_id, description, level) VALUES ('C0011', '卫生统计学', 'MED8832', 3, 'DEPT005', '卫生统计学课程描述', 'Undergraduate');
INSERT INTO courses (course_id, course_name, course_code, credits, department_id, description, level) VALUES ('C0012', '医学微生物学', 'MED7383', 3, 'DEPT002', '医学微生物学课程描述', 'Both');
INSERT INTO courses (course_id, course_name, course_code, credits, department_id, description, level) VALUES ('C0013', '医学免疫学', 'MED3614', 3, 'DEPT002', '医学免疫学课程描述', 'Undergraduate');
INSERT INTO courses (course_id, course_name, course_code, credits, department_id, description, level) VALUES ('C0014', '生物化学', 'MED9516', 3, 'DEPT005', '生物化学课程描述', 'Both');
INSERT INTO courses (course_id, course_name, course_code, credits, department_id, description, level) VALUES ('C0015', '组织胚胎学', 'MED1847', 4, 'DEPT002', '组织胚胎学课程描述', 'Graduate');
INSERT INTO courses (course_id, course_name, course_code, credits, department_id, description, level) VALUES ('C0016', '医学遗传学', 'MED9834', 4, 'DEPT008', '医学遗传学课程描述', 'Graduate');
INSERT INTO courses (course_id, course_name, course_code, credits, department_id, description, level) VALUES ('C0017', '医学影像学', 'MED6843', 2, 'DEPT008', '医学影像学课程描述', 'Graduate');
INSERT INTO courses (course_id, course_name, course_code, credits, department_id, description, level) VALUES ('C0018', '临床诊断学', 'MED2880', 5, 'DEPT002', '临床诊断学课程描述', 'Graduate');
INSERT INTO courses (course_id, course_name, course_code, credits, department_id, description, level) VALUES ('C0019', '急救医学', 'MED2442', 4, 'DEPT003', '急救医学课程描述', 'Graduate');
INSERT INTO courses (course_id, course_name, course_code, credits, department_id, description, level) VALUES ('C0020', '全科医学', 'MED2730', 2, 'DEPT002', '全科医学课程描述', 'Both');
INSERT INTO courses (course_id, course_name, course_code, credits, department_id, description, level) VALUES ('C0021', '中医学基础', 'MED6836', 2, 'DEPT001', '中医学基础课程描述', 'Undergraduate');
INSERT INTO courses (course_id, course_name, course_code, credits, department_id, description, level) VALUES ('C0022', '针灸学', 'MED8426', 3, 'DEPT008', '针灸学课程描述', 'Undergraduate');
INSERT INTO courses (course_id, course_name, course_code, credits, department_id, description, level) VALUES ('C0023', '推拿学', 'MED6292', 4, 'DEPT005', '推拿学课程描述', 'Undergraduate');
INSERT INTO courses (course_id, course_name, course_code, credits, department_id, description, level) VALUES ('C0024', '医学伦理学', 'MED4890', 2, 'DEPT008', '医学伦理学课程描述', 'Both');
INSERT INTO courses (course_id, course_name, course_code, credits, department_id, description, level) VALUES ('C0025', '医学心理学', 'MED8861', 4, 'DEPT007', '医学心理学课程描述', 'Undergraduate');
INSERT INTO courses (course_id, course_name, course_code, credits, department_id, description, level) VALUES ('C0026', '医患沟通', 'MED8596', 2, 'DEPT001', '医患沟通课程描述', 'Graduate');
INSERT INTO courses (course_id, course_name, course_code, credits, department_id, description, level) VALUES ('C0027', '临床技能训练', 'MED9300', 4, 'DEPT007', '临床技能训练课程描述', 'Graduate');
INSERT INTO courses (course_id, course_name, course_code, credits, department_id, description, level) VALUES ('C0028', '医学英语', 'MED6940', 3, 'DEPT003', '医学英语课程描述', 'Both');
INSERT INTO courses (course_id, course_name, course_code, credits, department_id, description, level) VALUES ('C0029', '医学文献检索', 'MED4555', 2, 'DEPT008', '医学文献检索课程描述', 'Both');
INSERT INTO courses (course_id, course_name, course_code, credits, department_id, description, level) VALUES ('C0030', '循证医学', 'MED9719', 4, 'DEPT005', '循证医学课程描述', 'Both');
INSERT INTO courses (course_id, course_name, course_code, credits, department_id, description, level) VALUES ('C0031', '医学统计软件应用', 'MED2243', 2, 'DEPT003', '医学统计软件应用课程描述', 'Both');
INSERT INTO courses (course_id, course_name, course_code, credits, department_id, description, level) VALUES ('C0032', '分子生物学', 'MED5592', 2, 'DEPT008', '分子生物学课程描述', 'Undergraduate');
INSERT INTO courses (course_id, course_name, course_code, credits, department_id, description, level) VALUES ('C0033', '细胞生物学', 'MED8731', 2, 'DEPT003', '细胞生物学课程描述', 'Undergraduate');
INSERT INTO courses (course_id, course_name, course_code, credits, department_id, description, level) VALUES ('C0034', '神经生物学', 'MED7745', 3, 'DEPT002', '神经生物学课程描述', 'Graduate');
INSERT INTO courses (course_id, course_name, course_code, credits, department_id, description, level) VALUES ('C0035', '医学遗传咨询', 'MED6464', 2, 'DEPT008', '医学遗传咨询课程描述', 'Undergraduate');
INSERT INTO courses (course_id, course_name, course_code, credits, department_id, description, level) VALUES ('C0036', '康复医学', 'MED7119', 5, 'DEPT004', '康复医学课程描述', 'Undergraduate');
INSERT INTO courses (course_id, course_name, course_code, credits, department_id, description, level) VALUES ('C0037', '老年医学', 'MED9042', 3, 'DEPT008', '老年医学课程描述', 'Graduate');
INSERT INTO courses (course_id, course_name, course_code, credits, department_id, description, level) VALUES ('C0038', '精神病学', 'MED5758', 3, 'DEPT001', '精神病学课程描述', 'Both');
INSERT INTO courses (course_id, course_name, course_code, credits, department_id, description, level) VALUES ('C0039', '皮肤性病学', 'MED6794', 2, 'DEPT003', '皮肤性病学课程描述', 'Both');
INSERT INTO courses (course_id, course_name, course_code, credits, department_id, description, level) VALUES ('C0040', '眼科学', 'MED2255', 5, 'DEPT001', '眼科学课程描述', 'Both');

-- Insert data into student_addresses
INSERT INTO student_addresses (student_id, address_type, street, city, province, postal_code, country) VALUES ('S2020001', 'Dorm', '解放路996号', '广州', '江苏省', '286647', 'China');
INSERT INTO student_addresses (student_id, address_type, street, city, province, postal_code, country) VALUES ('S2020036', 'Home', '人民路627号', '杭州', '四川省', '311938', 'China');
INSERT INTO student_addresses (student_id, address_type, street, city, province, postal_code, country) VALUES ('S2020042', 'Dorm', '中山路132号', '成都', '江苏省', '683463', 'China');
INSERT INTO student_addresses (student_id, address_type, street, city, province, postal_code, country) VALUES ('S2020028', 'Home', '中山路145号', '广州', '广东省', '182877', 'China');
INSERT INTO student_addresses (student_id, address_type, street, city, province, postal_code, country) VALUES ('S2020027', 'Emergency', '解放路635号', '深圳', '上海市', '534854', 'China');
INSERT INTO student_addresses (student_id, address_type, street, city, province, postal_code, country) VALUES ('S2020008', 'Home', '建设路363号', '南京', '北京市', '128120', 'China');
INSERT INTO student_addresses (student_id, address_type, street, city, province, postal_code, country) VALUES ('S2020009', 'Dorm', '中山路911号', '南京', '北京市', '614740', 'China');
INSERT INTO student_addresses (student_id, address_type, street, city, province, postal_code, country) VALUES ('S2020043', 'Home', '建设路813号', '武汉', '四川省', '341867', 'China');
INSERT INTO student_addresses (student_id, address_type, street, city, province, postal_code, country) VALUES ('S2020001', 'Dorm', '人民路911号', '上海', '广东省', '883090', 'China');
INSERT INTO student_addresses (student_id, address_type, street, city, province, postal_code, country) VALUES ('S2020032', 'Dorm', '中山路928号', '成都', '江苏省', '430792', 'China');
INSERT INTO student_addresses (student_id, address_type, street, city, province, postal_code, country) VALUES ('S2020012', 'Home', '人民路548号', '成都', '上海市', '658855', 'China');
INSERT INTO student_addresses (student_id, address_type, street, city, province, postal_code, country) VALUES ('S2020028', 'Home', '中山路500号', '深圳', '浙江省', '145141', 'China');
INSERT INTO student_addresses (student_id, address_type, street, city, province, postal_code, country) VALUES ('S2020043', 'Home', '中山路73号', '上海', '四川省', '431559', 'China');
INSERT INTO student_addresses (student_id, address_type, street, city, province, postal_code, country) VALUES ('S2020042', 'Home', '人民路254号', '南京', '浙江省', '194784', 'China');
INSERT INTO student_addresses (student_id, address_type, street, city, province, postal_code, country) VALUES ('S2020030', 'Home', '解放路952号', '成都', '广东省', '529020', 'China');
INSERT INTO student_addresses (student_id, address_type, street, city, province, postal_code, country) VALUES ('S2020011', 'Emergency', '建设路573号', '深圳', '浙江省', '778279', 'China');
INSERT INTO student_addresses (student_id, address_type, street, city, province, postal_code, country) VALUES ('S2020028', 'Dorm', '解放路724号', '武汉', '北京市', '899052', 'China');
INSERT INTO student_addresses (student_id, address_type, street, city, province, postal_code, country) VALUES ('S2020036', 'Dorm', '解放路147号', '上海', '浙江省', '838315', 'China');
INSERT INTO student_addresses (student_id, address_type, street, city, province, postal_code, country) VALUES ('S2020034', 'Dorm', '解放路478号', '成都', '上海市', '244363', 'China');
INSERT INTO student_addresses (student_id, address_type, street, city, province, postal_code, country) VALUES ('S2020045', 'Dorm', '建设路916号', '北京', '北京市', '378832', 'China');
INSERT INTO student_addresses (student_id, address_type, street, city, province, postal_code, country) VALUES ('S2020046', 'Dorm', '中山路202号', '上海', '北京市', '210872', 'China');
INSERT INTO student_addresses (student_id, address_type, street, city, province, postal_code, country) VALUES ('S2020030', 'Home', '建设路178号', '广州', '浙江省', '114076', 'China');
INSERT INTO student_addresses (student_id, address_type, street, city, province, postal_code, country) VALUES ('S2020006', 'Home', '建设路255号', '成都', '北京市', '762121', 'China');
INSERT INTO student_addresses (student_id, address_type, street, city, province, postal_code, country) VALUES ('S2020038', 'Home', '人民路568号', '北京', '四川省', '603268', 'China');
INSERT INTO student_addresses (student_id, address_type, street, city, province, postal_code, country) VALUES ('S2020039', 'Home', '中山路40号', '上海', '广东省', '814127', 'China');
INSERT INTO student_addresses (student_id, address_type, street, city, province, postal_code, country) VALUES ('S2020049', 'Dorm', '中山路687号', '上海', '四川省', '644335', 'China');
INSERT INTO student_addresses (student_id, address_type, street, city, province, postal_code, country) VALUES ('S2020008', 'Dorm', '中山路196号', '成都', '广东省', '629919', 'China');
INSERT INTO student_addresses (student_id, address_type, street, city, province, postal_code, country) VALUES ('S2020024', 'Emergency', '解放路883号', '南京', '上海市', '163194', 'China');
INSERT INTO student_addresses (student_id, address_type, street, city, province, postal_code, country) VALUES ('S2020007', 'Home', '中山路798号', '广州', '上海市', '717229', 'China');
INSERT INTO student_addresses (student_id, address_type, street, city, province, postal_code, country) VALUES ('S2020025', 'Dorm', '解放路500号', '南京', '湖北省', '345283', 'China');
INSERT INTO student_addresses (student_id, address_type, street, city, province, postal_code, country) VALUES ('S2020034', 'Dorm', '解放路928号', '深圳', '江苏省', '713749', 'China');
INSERT INTO student_addresses (student_id, address_type, street, city, province, postal_code, country) VALUES ('S2020030', 'Emergency', '解放路97号', '上海', '四川省', '240698', 'China');
INSERT INTO student_addresses (student_id, address_type, street, city, province, postal_code, country) VALUES ('S2020043', 'Dorm', '中山路272号', '上海', '湖北省', '405265', 'China');
INSERT INTO student_addresses (student_id, address_type, street, city, province, postal_code, country) VALUES ('S2020025', 'Home', '解放路387号', '武汉', '湖北省', '792358', 'China');
INSERT INTO student_addresses (student_id, address_type, street, city, province, postal_code, country) VALUES ('S2020019', 'Emergency', '建设路992号', '北京', '广东省', '960393', 'China');
INSERT INTO student_addresses (student_id, address_type, street, city, province, postal_code, country) VALUES ('S2020043', 'Home', '中山路434号', '成都', '上海市', '552958', 'China');
INSERT INTO student_addresses (student_id, address_type, street, city, province, postal_code, country) VALUES ('S2020017', 'Emergency', '建设路513号', '深圳', '北京市', '303403', 'China');
INSERT INTO student_addresses (student_id, address_type, street, city, province, postal_code, country) VALUES ('S2020001', 'Emergency', '中山路591号', '成都', '江苏省', '299944', 'China');
INSERT INTO student_addresses (student_id, address_type, street, city, province, postal_code, country) VALUES ('S2020021', 'Dorm', '人民路903号', '南京', '浙江省', '732412', 'China');
INSERT INTO student_addresses (student_id, address_type, street, city, province, postal_code, country) VALUES ('S2020031', 'Dorm', '建设路180号', '杭州', '广东省', '586220', 'China');

-- Insert data into student_emergency_contacts
INSERT INTO student_emergency_contacts (student_id, contact_name, relationship, phone, email) VALUES ('S2020001', '赵秀英', '父亲', '14295620185', NULL);
INSERT INTO student_emergency_contacts (student_id, contact_name, relationship, phone, email) VALUES ('S2020028', '赵杰涛', '母亲', '15472714186', 'contact1@qq.com');
INSERT INTO student_emergency_contacts (student_id, contact_name, relationship, phone, email) VALUES ('S2020032', '黄军明', '其他亲属', '19268445350', NULL);
INSERT INTO student_emergency_contacts (student_id, contact_name, relationship, phone, email) VALUES ('S2020036', '徐娜军', '父亲', '19180577957', NULL);
INSERT INTO student_emergency_contacts (student_id, contact_name, relationship, phone, email) VALUES ('S2020008', '陈芳秀兰', '兄弟', '14847665662', 'contact4@163.com');
INSERT INTO student_emergency_contacts (student_id, contact_name, relationship, phone, email) VALUES ('S2020026', '胡军', '父亲', '17143340503', 'contact5@outlook.com');
INSERT INTO student_emergency_contacts (student_id, contact_name, relationship, phone, email) VALUES ('S2020034', '朱娜娜', '配偶', '17248711508', NULL);
INSERT INTO student_emergency_contacts (student_id, contact_name, relationship, phone, email) VALUES ('S2020013', '罗艳秀英', '母亲', '18994890373', NULL);
INSERT INTO student_emergency_contacts (student_id, contact_name, relationship, phone, email) VALUES ('S2020015', '胡洋军', '配偶', '16659353031', NULL);
INSERT INTO student_emergency_contacts (student_id, contact_name, relationship, phone, email) VALUES ('S2020033', '周艳超', '父亲', '15669059259', NULL);
INSERT INTO student_emergency_contacts (student_id, contact_name, relationship, phone, email) VALUES ('S2020020', '罗军', '父亲', '15538232033', NULL);
INSERT INTO student_emergency_contacts (student_id, contact_name, relationship, phone, email) VALUES ('S2020047', '王艳洋', '母亲', '19273918481', 'contact11@gmail.com');
INSERT INTO student_emergency_contacts (student_id, contact_name, relationship, phone, email) VALUES ('S2020008', '高静', '姐妹', '13774176950', NULL);
INSERT INTO student_emergency_contacts (student_id, contact_name, relationship, phone, email) VALUES ('S2020009', '马芳强', '姐妹', '15627897911', 'contact13@163.com');
INSERT INTO student_emergency_contacts (student_id, contact_name, relationship, phone, email) VALUES ('S2020015', '李秀英强', '配偶', '17351217845', 'contact14@outlook.com');
INSERT INTO student_emergency_contacts (student_id, contact_name, relationship, phone, email) VALUES ('S2020033', '胡超', '兄弟', '13838970982', NULL);
INSERT INTO student_emergency_contacts (student_id, contact_name, relationship, phone, email) VALUES ('S2020007', '孙艳', '母亲', '17660882482', 'contact16@qq.com');
INSERT INTO student_emergency_contacts (student_id, contact_name, relationship, phone, email) VALUES ('S2020013', '林霞磊', '其他亲属', '13160366932', 'contact17@outlook.com');
INSERT INTO student_emergency_contacts (student_id, contact_name, relationship, phone, email) VALUES ('S2020021', '马霞明', '父亲', '14268427478', 'contact18@qq.com');
INSERT INTO student_emergency_contacts (student_id, contact_name, relationship, phone, email) VALUES ('S2020048', '王霞芳', '父亲', '19106899798', 'contact19@gmail.com');
INSERT INTO student_emergency_contacts (student_id, contact_name, relationship, phone, email) VALUES ('S2020004', '黄霞', '其他亲属', '13434563275', NULL);
INSERT INTO student_emergency_contacts (student_id, contact_name, relationship, phone, email) VALUES ('S2020031', '徐静秀兰', '兄弟', '13497005303', 'contact21@gmail.com');
INSERT INTO student_emergency_contacts (student_id, contact_name, relationship, phone, email) VALUES ('S2020011', '马强芳', '父亲', '15635800420', 'contact22@outlook.com');
INSERT INTO student_emergency_contacts (student_id, contact_name, relationship, phone, email) VALUES ('S2020040', '罗秀兰', '配偶', '14815482715', NULL);
INSERT INTO student_emergency_contacts (student_id, contact_name, relationship, phone, email) VALUES ('S2020031', '李静', '姐妹', '16370715061', 'contact24@gmail.com');
INSERT INTO student_emergency_contacts (student_id, contact_name, relationship, phone, email) VALUES ('S2020046', '黄静', '配偶', '15272993485', 'contact25@outlook.com');
INSERT INTO student_emergency_contacts (student_id, contact_name, relationship, phone, email) VALUES ('S2020032', '郭勇涛', '母亲', '17596019132', 'contact26@outlook.com');
INSERT INTO student_emergency_contacts (student_id, contact_name, relationship, phone, email) VALUES ('S2020030', '赵平', '兄弟', '13833862767', 'contact27@gmail.com');
INSERT INTO student_emergency_contacts (student_id, contact_name, relationship, phone, email) VALUES ('S2020018', '黄勇', '母亲', '17681700401', 'contact28@outlook.com');
INSERT INTO student_emergency_contacts (student_id, contact_name, relationship, phone, email) VALUES ('S2020006', '周军涛', '兄弟', '13296297512', 'contact29@outlook.com');
INSERT INTO student_emergency_contacts (student_id, contact_name, relationship, phone, email) VALUES ('S2020003', '徐洋秀兰', '父亲', '16385461035', 'contact30@outlook.com');
INSERT INTO student_emergency_contacts (student_id, contact_name, relationship, phone, email) VALUES ('S2020024', '陈静', '兄弟', '14985155089', 'contact31@163.com');
INSERT INTO student_emergency_contacts (student_id, contact_name, relationship, phone, email) VALUES ('S2020043', '高丽', '兄弟', '18567725584', 'contact32@outlook.com');
INSERT INTO student_emergency_contacts (student_id, contact_name, relationship, phone, email) VALUES ('S2020030', '刘磊秀英', '兄弟', '16406000603', 'contact33@gmail.com');
INSERT INTO student_emergency_contacts (student_id, contact_name, relationship, phone, email) VALUES ('S2020009', '朱娜', '母亲', '17897089786', NULL);
INSERT INTO student_emergency_contacts (student_id, contact_name, relationship, phone, email) VALUES ('S2020009', '胡静', '姐妹', '16367386770', 'contact35@outlook.com');
INSERT INTO student_emergency_contacts (student_id, contact_name, relationship, phone, email) VALUES ('S2020011', '李秀英', '母亲', '14872173432', 'contact36@qq.com');
INSERT INTO student_emergency_contacts (student_id, contact_name, relationship, phone, email) VALUES ('S2020049', '胡敏敏', '其他亲属', '14292627491', 'contact37@qq.com');
INSERT INTO student_emergency_contacts (student_id, contact_name, relationship, phone, email) VALUES ('S2020005', '孙伟明', '兄弟', '18347396541', 'contact38@qq.com');
INSERT INTO student_emergency_contacts (student_id, contact_name, relationship, phone, email) VALUES ('S2020024', '胡芳', '兄弟', '18571389091', NULL);
INSERT INTO student_emergency_contacts (student_id, contact_name, relationship, phone, email) VALUES ('S2020044', '马军艳', '母亲', '14868516305', NULL);
INSERT INTO student_emergency_contacts (student_id, contact_name, relationship, phone, email) VALUES ('S2020042', '徐洋艳', '母亲', '16220993105', 'contact41@163.com');
INSERT INTO student_emergency_contacts (student_id, contact_name, relationship, phone, email) VALUES ('S2020039', '郭超秀英', '其他亲属', '19108773542', NULL);
INSERT INTO student_emergency_contacts (student_id, contact_name, relationship, phone, email) VALUES ('S2020013', '高勇', '兄弟', '15474257522', NULL);
INSERT INTO student_emergency_contacts (student_id, contact_name, relationship, phone, email) VALUES ('S2020020', '周秀兰伟', '其他亲属', '19971437459', 'contact44@gmail.com');

-- Insert data into course_sections
INSERT INTO course_sections (section_id, course_id, semester, year, section_number, max_capacity, enrolled_count) VALUES ('SEC0001', 'C0010', 'Spring', 2022, '02', 40, 37);
INSERT INTO course_sections (section_id, course_id, semester, year, section_number, max_capacity, enrolled_count) VALUES ('SEC0002', 'C0038', 'Spring', 2024, '02', 30, 20);
INSERT INTO course_sections (section_id, course_id, semester, year, section_number, max_capacity, enrolled_count) VALUES ('SEC0003', 'C0009', 'Fall', 2024, '04', 30, 26);
INSERT INTO course_sections (section_id, course_id, semester, year, section_number, max_capacity, enrolled_count) VALUES ('SEC0004', 'C0006', 'Summer', 2023, '02', 30, 22);
INSERT INTO course_sections (section_id, course_id, semester, year, section_number, max_capacity, enrolled_count) VALUES ('SEC0005', 'C0018', 'Fall', 2024, '04', 40, 30);
INSERT INTO course_sections (section_id, course_id, semester, year, section_number, max_capacity, enrolled_count) VALUES ('SEC0006', 'C0019', 'Fall', 2024, '01', 30, 30);
INSERT INTO course_sections (section_id, course_id, semester, year, section_number, max_capacity, enrolled_count) VALUES ('SEC0007', 'C0032', 'Spring', 2022, '02', 30, 28);
INSERT INTO course_sections (section_id, course_id, semester, year, section_number, max_capacity, enrolled_count) VALUES ('SEC0008', 'C0033', 'Spring', 2022, '02', 60, 42);
INSERT INTO course_sections (section_id, course_id, semester, year, section_number, max_capacity, enrolled_count) VALUES ('SEC0009', 'C0011', 'Spring', 2024, '03', 50, 46);
INSERT INTO course_sections (section_id, course_id, semester, year, section_number, max_capacity, enrolled_count) VALUES ('SEC0010', 'C0030', 'Spring', 2022, '03', 60, 47);
INSERT INTO course_sections (section_id, course_id, semester, year, section_number, max_capacity, enrolled_count) VALUES ('SEC0011', 'C0027', 'Spring', 2024, '01', 50, 36);
INSERT INTO course_sections (section_id, course_id, semester, year, section_number, max_capacity, enrolled_count) VALUES ('SEC0012', 'C0021', 'Fall', 2024, '03', 30, 26);
INSERT INTO course_sections (section_id, course_id, semester, year, section_number, max_capacity, enrolled_count) VALUES ('SEC0013', 'C0032', 'Fall', 2024, '02', 60, 34);
INSERT INTO course_sections (section_id, course_id, semester, year, section_number, max_capacity, enrolled_count) VALUES ('SEC0014', 'C0014', 'Summer', 2024, '03', 50, 28);
INSERT INTO course_sections (section_id, course_id, semester, year, section_number, max_capacity, enrolled_count) VALUES ('SEC0015', 'C0006', 'Spring', 2023, '03', 30, 23);
INSERT INTO course_sections (section_id, course_id, semester, year, section_number, max_capacity, enrolled_count) VALUES ('SEC0016', 'C0001', 'Spring', 2023, '04', 60, 39);
INSERT INTO course_sections (section_id, course_id, semester, year, section_number, max_capacity, enrolled_count) VALUES ('SEC0017', 'C0009', 'Fall', 2024, '03', 60, 47);
INSERT INTO course_sections (section_id, course_id, semester, year, section_number, max_capacity, enrolled_count) VALUES ('SEC0018', 'C0005', 'Spring', 2024, '03', 40, 32);
INSERT INTO course_sections (section_id, course_id, semester, year, section_number, max_capacity, enrolled_count) VALUES ('SEC0019', 'C0037', 'Summer', 2024, '05', 40, 37);
INSERT INTO course_sections (section_id, course_id, semester, year, section_number, max_capacity, enrolled_count) VALUES ('SEC0020', 'C0008', 'Fall', 2023, '02', 50, 42);
INSERT INTO course_sections (section_id, course_id, semester, year, section_number, max_capacity, enrolled_count) VALUES ('SEC0021', 'C0005', 'Fall', 2023, '02', 60, 45);
INSERT INTO course_sections (section_id, course_id, semester, year, section_number, max_capacity, enrolled_count) VALUES ('SEC0022', 'C0028', 'Summer', 2022, '05', 40, 27);
INSERT INTO course_sections (section_id, course_id, semester, year, section_number, max_capacity, enrolled_count) VALUES ('SEC0023', 'C0004', 'Summer', 2023, '02', 30, 30);
INSERT INTO course_sections (section_id, course_id, semester, year, section_number, max_capacity, enrolled_count) VALUES ('SEC0024', 'C0030', 'Summer', 2022, '05', 50, 40);
INSERT INTO course_sections (section_id, course_id, semester, year, section_number, max_capacity, enrolled_count) VALUES ('SEC0025', 'C0020', 'Spring', 2022, '04', 30, 26);
INSERT INTO course_sections (section_id, course_id, semester, year, section_number, max_capacity, enrolled_count) VALUES ('SEC0026', 'C0006', 'Fall', 2023, '04', 50, 30);
INSERT INTO course_sections (section_id, course_id, semester, year, section_number, max_capacity, enrolled_count) VALUES ('SEC0027', 'C0029', 'Fall', 2022, '01', 60, 47);
INSERT INTO course_sections (section_id, course_id, semester, year, section_number, max_capacity, enrolled_count) VALUES ('SEC0028', 'C0013', 'Spring', 2024, '04', 30, 27);
INSERT INTO course_sections (section_id, course_id, semester, year, section_number, max_capacity, enrolled_count) VALUES ('SEC0029', 'C0010', 'Summer', 2022, '03', 40, 20);
INSERT INTO course_sections (section_id, course_id, semester, year, section_number, max_capacity, enrolled_count) VALUES ('SEC0030', 'C0012', 'Summer', 2023, '05', 30, 23);
INSERT INTO course_sections (section_id, course_id, semester, year, section_number, max_capacity, enrolled_count) VALUES ('SEC0031', 'C0029', 'Fall', 2022, '03', 50, 26);
INSERT INTO course_sections (section_id, course_id, semester, year, section_number, max_capacity, enrolled_count) VALUES ('SEC0032', 'C0014', 'Fall', 2024, '05', 30, 22);
INSERT INTO course_sections (section_id, course_id, semester, year, section_number, max_capacity, enrolled_count) VALUES ('SEC0033', 'C0002', 'Fall', 2024, '03', 50, 35);
INSERT INTO course_sections (section_id, course_id, semester, year, section_number, max_capacity, enrolled_count) VALUES ('SEC0034', 'C0005', 'Spring', 2024, '04', 30, 28);
INSERT INTO course_sections (section_id, course_id, semester, year, section_number, max_capacity, enrolled_count) VALUES ('SEC0035', 'C0013', 'Spring', 2024, '02', 30, 25);

-- Insert data into student_enrollments
INSERT INTO student_enrollments (student_id, section_id, enrollment_date, enrollment_status, grade, grade_points) VALUES ('S2020043', 'SEC0019', '2022-06-11', 'Withdrawn', NULL, NULL);
INSERT INTO student_enrollments (student_id, section_id, enrollment_date, enrollment_status, grade, grade_points) VALUES ('S2020003', 'SEC0011', '2024-07-05', 'Completed', 'D', 1.0);
INSERT INTO student_enrollments (student_id, section_id, enrollment_date, enrollment_status, grade, grade_points) VALUES ('S2020004', 'SEC0025', '2024-01-31', 'Completed', 'D', 1.0);
INSERT INTO student_enrollments (student_id, section_id, enrollment_date, enrollment_status, grade, grade_points) VALUES ('S2020049', 'SEC0001', '2022-07-19', 'Dropped', NULL, NULL);
INSERT INTO student_enrollments (student_id, section_id, enrollment_date, enrollment_status, grade, grade_points) VALUES ('S2020017', 'SEC0022', '2022-04-30', 'Enrolled', NULL, NULL);
INSERT INTO student_enrollments (student_id, section_id, enrollment_date, enrollment_status, grade, grade_points) VALUES ('S2020029', 'SEC0011', '2024-01-09', 'Dropped', NULL, NULL);
INSERT INTO student_enrollments (student_id, section_id, enrollment_date, enrollment_status, grade, grade_points) VALUES ('S2020043', 'SEC0029', '2023-12-06', 'Completed', 'C-', 1.7);
INSERT INTO student_enrollments (student_id, section_id, enrollment_date, enrollment_status, grade, grade_points) VALUES ('S2020002', 'SEC0022', '2023-02-22', 'Withdrawn', NULL, NULL);
INSERT INTO student_enrollments (student_id, section_id, enrollment_date, enrollment_status, grade, grade_points) VALUES ('S2020041', 'SEC0024', '2024-07-21', 'Completed', 'B', 3.0);
INSERT INTO student_enrollments (student_id, section_id, enrollment_date, enrollment_status, grade, grade_points) VALUES ('S2020028', 'SEC0003', '2022-11-30', 'Dropped', NULL, NULL);
INSERT INTO student_enrollments (student_id, section_id, enrollment_date, enrollment_status, grade, grade_points) VALUES ('S2020014', 'SEC0024', '2024-10-18', 'Dropped', NULL, NULL);
INSERT INTO student_enrollments (student_id, section_id, enrollment_date, enrollment_status, grade, grade_points) VALUES ('S2020029', 'SEC0002', '2023-04-07', 'Dropped', NULL, NULL);
INSERT INTO student_enrollments (student_id, section_id, enrollment_date, enrollment_status, grade, grade_points) VALUES ('S2020029', 'SEC0031', '2024-04-19', 'Completed', 'B+', 3.3);
INSERT INTO student_enrollments (student_id, section_id, enrollment_date, enrollment_status, grade, grade_points) VALUES ('S2020048', 'SEC0002', '2023-03-09', 'Completed', 'C', 2.0);
INSERT INTO student_enrollments (student_id, section_id, enrollment_date, enrollment_status, grade, grade_points) VALUES ('S2020035', 'SEC0018', '2024-09-03', 'Dropped', NULL, NULL);
INSERT INTO student_enrollments (student_id, section_id, enrollment_date, enrollment_status, grade, grade_points) VALUES ('S2020006', 'SEC0023', '2022-06-09', 'Dropped', NULL, NULL);
INSERT INTO student_enrollments (student_id, section_id, enrollment_date, enrollment_status, grade, grade_points) VALUES ('S2020011', 'SEC0023', '2023-11-25', 'Enrolled', NULL, NULL);
INSERT INTO student_enrollments (student_id, section_id, enrollment_date, enrollment_status, grade, grade_points) VALUES ('S2020043', 'SEC0016', '2023-06-26', 'Completed', 'B', 3.0);
INSERT INTO student_enrollments (student_id, section_id, enrollment_date, enrollment_status, grade, grade_points) VALUES ('S2020023', 'SEC0003', '2022-02-13', 'Withdrawn', NULL, NULL);
INSERT INTO student_enrollments (student_id, section_id, enrollment_date, enrollment_status, grade, grade_points) VALUES ('S2020025', 'SEC0014', '2023-03-20', 'Dropped', NULL, NULL);
INSERT INTO student_enrollments (student_id, section_id, enrollment_date, enrollment_status, grade, grade_points) VALUES ('S2020016', 'SEC0034', '2024-05-12', 'Dropped', NULL, NULL);
INSERT INTO student_enrollments (student_id, section_id, enrollment_date, enrollment_status, grade, grade_points) VALUES ('S2020003', 'SEC0016', '2022-03-29', 'Completed', 'A', 4.0);
INSERT INTO student_enrollments (student_id, section_id, enrollment_date, enrollment_status, grade, grade_points) VALUES ('S2020028', 'SEC0019', '2022-04-09', 'Dropped', NULL, NULL);
INSERT INTO student_enrollments (student_id, section_id, enrollment_date, enrollment_status, grade, grade_points) VALUES ('S2020003', 'SEC0022', '2022-02-10', 'Withdrawn', NULL, NULL);
INSERT INTO student_enrollments (student_id, section_id, enrollment_date, enrollment_status, grade, grade_points) VALUES ('S2020001', 'SEC0024', '2024-04-28', 'Completed', 'C+', 2.3);
INSERT INTO student_enrollments (student_id, section_id, enrollment_date, enrollment_status, grade, grade_points) VALUES ('S2020009', 'SEC0020', '2024-06-26', 'Dropped', NULL, NULL);
INSERT INTO student_enrollments (student_id, section_id, enrollment_date, enrollment_status, grade, grade_points) VALUES ('S2020041', 'SEC0007', '2022-10-11', 'Dropped', NULL, NULL);
INSERT INTO student_enrollments (student_id, section_id, enrollment_date, enrollment_status, grade, grade_points) VALUES ('S2020004', 'SEC0018', '2023-11-14', 'Enrolled', NULL, NULL);
INSERT INTO student_enrollments (student_id, section_id, enrollment_date, enrollment_status, grade, grade_points) VALUES ('S2020029', 'SEC0021', '2023-12-18', 'Enrolled', NULL, NULL);
INSERT INTO student_enrollments (student_id, section_id, enrollment_date, enrollment_status, grade, grade_points) VALUES ('S2020004', 'SEC0002', '2022-08-02', 'Dropped', NULL, NULL);
INSERT INTO student_enrollments (student_id, section_id, enrollment_date, enrollment_status, grade, grade_points) VALUES ('S2020043', 'SEC0001', '2024-12-19', 'Withdrawn', NULL, NULL);
INSERT INTO student_enrollments (student_id, section_id, enrollment_date, enrollment_status, grade, grade_points) VALUES ('S2020007', 'SEC0013', '2024-04-11', 'Dropped', NULL, NULL);
INSERT INTO student_enrollments (student_id, section_id, enrollment_date, enrollment_status, grade, grade_points) VALUES ('S2020022', 'SEC0018', '2022-08-14', 'Completed', 'C-', 1.7);
INSERT INTO student_enrollments (student_id, section_id, enrollment_date, enrollment_status, grade, grade_points) VALUES ('S2020043', 'SEC0027', '2022-02-02', 'Enrolled', NULL, NULL);
INSERT INTO student_enrollments (student_id, section_id, enrollment_date, enrollment_status, grade, grade_points) VALUES ('S2020026', 'SEC0030', '2024-08-17', 'Withdrawn', NULL, NULL);
INSERT INTO student_enrollments (student_id, section_id, enrollment_date, enrollment_status, grade, grade_points) VALUES ('S2020048', 'SEC0035', '2022-10-23', 'Completed', 'D', 1.0);
INSERT INTO student_enrollments (student_id, section_id, enrollment_date, enrollment_status, grade, grade_points) VALUES ('S2020021', 'SEC0011', '2024-11-26', 'Enrolled', NULL, NULL);
INSERT INTO student_enrollments (student_id, section_id, enrollment_date, enrollment_status, grade, grade_points) VALUES ('S2020041', 'SEC0033', '2022-02-05', 'Dropped', NULL, NULL);
INSERT INTO student_enrollments (student_id, section_id, enrollment_date, enrollment_status, grade, grade_points) VALUES ('S2020022', 'SEC0034', '2023-06-06', 'Withdrawn', NULL, NULL);
INSERT INTO student_enrollments (student_id, section_id, enrollment_date, enrollment_status, grade, grade_points) VALUES ('S2020012', 'SEC0035', '2022-01-25', 'Dropped', NULL, NULL);
INSERT INTO student_enrollments (student_id, section_id, enrollment_date, enrollment_status, grade, grade_points) VALUES ('S2020037', 'SEC0028', '2022-04-06', 'Completed', 'C-', 1.7);
INSERT INTO student_enrollments (student_id, section_id, enrollment_date, enrollment_status, grade, grade_points) VALUES ('S2020035', 'SEC0022', '2024-03-22', 'Enrolled', NULL, NULL);
INSERT INTO student_enrollments (student_id, section_id, enrollment_date, enrollment_status, grade, grade_points) VALUES ('S2020026', 'SEC0014', '2023-02-08', 'Withdrawn', NULL, NULL);
INSERT INTO student_enrollments (student_id, section_id, enrollment_date, enrollment_status, grade, grade_points) VALUES ('S2020022', 'SEC0008', '2022-03-01', 'Enrolled', NULL, NULL);
INSERT INTO student_enrollments (student_id, section_id, enrollment_date, enrollment_status, grade, grade_points) VALUES ('S2020021', 'SEC0004', '2022-10-15', 'Withdrawn', NULL, NULL);
INSERT INTO student_enrollments (student_id, section_id, enrollment_date, enrollment_status, grade, grade_points) VALUES ('S2020034', 'SEC0019', '2024-06-19', 'Enrolled', NULL, NULL);
INSERT INTO student_enrollments (student_id, section_id, enrollment_date, enrollment_status, grade, grade_points) VALUES ('S2020046', 'SEC0011', '2024-01-14', 'Dropped', NULL, NULL);
INSERT INTO student_enrollments (student_id, section_id, enrollment_date, enrollment_status, grade, grade_points) VALUES ('S2020034', 'SEC0008', '2024-05-23', 'Withdrawn', NULL, NULL);
INSERT INTO student_enrollments (student_id, section_id, enrollment_date, enrollment_status, grade, grade_points) VALUES ('S2020012', 'SEC0002', '2024-03-19', 'Enrolled', NULL, NULL);
INSERT INTO student_enrollments (student_id, section_id, enrollment_date, enrollment_status, grade, grade_points) VALUES ('S2020024', 'SEC0034', '2023-02-27', 'Dropped', NULL, NULL);

-- Insert data into exams
INSERT INTO exams (exam_id, section_id, exam_type, exam_date, start_time, duration_minutes, total_points, weight_percentage) VALUES ('E0001', 'SEC0003', 'Practical', '2024-06-02', '09:00:00', 120, 150, 0.2);
INSERT INTO exams (exam_id, section_id, exam_type, exam_date, start_time, duration_minutes, total_points, weight_percentage) VALUES ('E0002', 'SEC0034', 'Final', '2023-04-28', '13:00:00', 120, 200, 0.3);
INSERT INTO exams (exam_id, section_id, exam_type, exam_date, start_time, duration_minutes, total_points, weight_percentage) VALUES ('E0003', 'SEC0034', 'Midterm', '2024-06-12', '15:00:00', 60, 100, 0.5);
INSERT INTO exams (exam_id, section_id, exam_type, exam_date, start_time, duration_minutes, total_points, weight_percentage) VALUES ('E0004', 'SEC0014', 'Practical', '2024-12-11', '08:00:00', 180, 200, 0.2);
INSERT INTO exams (exam_id, section_id, exam_type, exam_date, start_time, duration_minutes, total_points, weight_percentage) VALUES ('E0005', 'SEC0035', 'Quiz', '2023-05-31', '14:00:00', 120, 100, 0.3);
INSERT INTO exams (exam_id, section_id, exam_type, exam_date, start_time, duration_minutes, total_points, weight_percentage) VALUES ('E0006', 'SEC0025', 'Practical', '2023-05-31', '09:00:00', 60, 200, 0.2);
INSERT INTO exams (exam_id, section_id, exam_type, exam_date, start_time, duration_minutes, total_points, weight_percentage) VALUES ('E0007', 'SEC0004', 'Final', '2024-06-16', '16:00:00', 60, 150, 0.2);
INSERT INTO exams (exam_id, section_id, exam_type, exam_date, start_time, duration_minutes, total_points, weight_percentage) VALUES ('E0008', 'SEC0005', 'Final', '2024-10-22', '10:00:00', 180, 100, 0.5);
INSERT INTO exams (exam_id, section_id, exam_type, exam_date, start_time, duration_minutes, total_points, weight_percentage) VALUES ('E0009', 'SEC0011', 'Oral', '2024-02-26', '09:00:00', 60, 100, 0.4);
INSERT INTO exams (exam_id, section_id, exam_type, exam_date, start_time, duration_minutes, total_points, weight_percentage) VALUES ('E0010', 'SEC0026', 'Practical', '2023-10-22', '09:00:00', 120, 200, 0.3);
INSERT INTO exams (exam_id, section_id, exam_type, exam_date, start_time, duration_minutes, total_points, weight_percentage) VALUES ('E0011', 'SEC0029', 'Oral', '2024-06-16', '10:00:00', 90, 150, 0.2);
INSERT INTO exams (exam_id, section_id, exam_type, exam_date, start_time, duration_minutes, total_points, weight_percentage) VALUES ('E0012', 'SEC0017', 'Final', '2024-05-26', '14:00:00', 120, 100, 0.3);
INSERT INTO exams (exam_id, section_id, exam_type, exam_date, start_time, duration_minutes, total_points, weight_percentage) VALUES ('E0013', 'SEC0022', 'Final', '2024-08-14', '12:00:00', 90, 200, 0.4);
INSERT INTO exams (exam_id, section_id, exam_type, exam_date, start_time, duration_minutes, total_points, weight_percentage) VALUES ('E0014', 'SEC0003', 'Oral', '2024-07-29', '12:00:00', 180, 100, 0.4);
INSERT INTO exams (exam_id, section_id, exam_type, exam_date, start_time, duration_minutes, total_points, weight_percentage) VALUES ('E0015', 'SEC0029', 'Midterm', '2024-09-24', '16:00:00', 180, 100, 0.4);
INSERT INTO exams (exam_id, section_id, exam_type, exam_date, start_time, duration_minutes, total_points, weight_percentage) VALUES ('E0016', 'SEC0024', 'Midterm', '2023-12-02', '14:00:00', 180, 200, 0.3);
INSERT INTO exams (exam_id, section_id, exam_type, exam_date, start_time, duration_minutes, total_points, weight_percentage) VALUES ('E0017', 'SEC0032', 'Midterm', '2024-02-18', '08:00:00', 120, 100, 0.3);
INSERT INTO exams (exam_id, section_id, exam_type, exam_date, start_time, duration_minutes, total_points, weight_percentage) VALUES ('E0018', 'SEC0023', 'Quiz', '2023-10-21', '08:00:00', 180, 200, 0.4);
INSERT INTO exams (exam_id, section_id, exam_type, exam_date, start_time, duration_minutes, total_points, weight_percentage) VALUES ('E0019', 'SEC0015', 'Final', '2024-03-10', '14:00:00', 60, 200, 0.2);
INSERT INTO exams (exam_id, section_id, exam_type, exam_date, start_time, duration_minutes, total_points, weight_percentage) VALUES ('E0020', 'SEC0028', 'Midterm', '2024-10-28', '16:00:00', 90, 100, 0.3);
INSERT INTO exams (exam_id, section_id, exam_type, exam_date, start_time, duration_minutes, total_points, weight_percentage) VALUES ('E0021', 'SEC0004', 'Final', '2023-05-19', '14:00:00', 60, 200, 0.2);
INSERT INTO exams (exam_id, section_id, exam_type, exam_date, start_time, duration_minutes, total_points, weight_percentage) VALUES ('E0022', 'SEC0008', 'Quiz', '2024-12-13', '08:00:00', 120, 150, 0.4);
INSERT INTO exams (exam_id, section_id, exam_type, exam_date, start_time, duration_minutes, total_points, weight_percentage) VALUES ('E0023', 'SEC0014', 'Quiz', '2023-07-27', '14:00:00', 120, 100, 0.5);
INSERT INTO exams (exam_id, section_id, exam_type, exam_date, start_time, duration_minutes, total_points, weight_percentage) VALUES ('E0024', 'SEC0025', 'Oral', '2023-11-06', '11:00:00', 180, 150, 0.3);
INSERT INTO exams (exam_id, section_id, exam_type, exam_date, start_time, duration_minutes, total_points, weight_percentage) VALUES ('E0025', 'SEC0012', 'Midterm', '2023-09-07', '09:00:00', 180, 200, 0.2);
INSERT INTO exams (exam_id, section_id, exam_type, exam_date, start_time, duration_minutes, total_points, weight_percentage) VALUES ('E0026', 'SEC0024', 'Midterm', '2023-03-01', '13:00:00', 90, 100, 0.2);
INSERT INTO exams (exam_id, section_id, exam_type, exam_date, start_time, duration_minutes, total_points, weight_percentage) VALUES ('E0027', 'SEC0028', 'Midterm', '2024-09-17', '15:00:00', 60, 100, 0.4);
INSERT INTO exams (exam_id, section_id, exam_type, exam_date, start_time, duration_minutes, total_points, weight_percentage) VALUES ('E0028', 'SEC0010', 'Practical', '2023-06-28', '16:00:00', 120, 200, 0.3);
INSERT INTO exams (exam_id, section_id, exam_type, exam_date, start_time, duration_minutes, total_points, weight_percentage) VALUES ('E0029', 'SEC0016', 'Practical', '2023-11-12', '14:00:00', 90, 100, 0.3);
INSERT INTO exams (exam_id, section_id, exam_type, exam_date, start_time, duration_minutes, total_points, weight_percentage) VALUES ('E0030', 'SEC0028', 'Midterm', '2024-01-23', '15:00:00', 120, 200, 0.3);
INSERT INTO exams (exam_id, section_id, exam_type, exam_date, start_time, duration_minutes, total_points, weight_percentage) VALUES ('E0031', 'SEC0011', 'Final', '2023-07-01', '15:00:00', 90, 200, 0.2);
INSERT INTO exams (exam_id, section_id, exam_type, exam_date, start_time, duration_minutes, total_points, weight_percentage) VALUES ('E0032', 'SEC0029', 'Oral', '2023-02-11', '12:00:00', 60, 100, 0.2);
INSERT INTO exams (exam_id, section_id, exam_type, exam_date, start_time, duration_minutes, total_points, weight_percentage) VALUES ('E0033', 'SEC0020', 'Quiz', '2024-01-01', '08:00:00', 90, 150, 0.5);
INSERT INTO exams (exam_id, section_id, exam_type, exam_date, start_time, duration_minutes, total_points, weight_percentage) VALUES ('E0034', 'SEC0012', 'Midterm', '2024-10-16', '12:00:00', 120, 150, 0.2);
INSERT INTO exams (exam_id, section_id, exam_type, exam_date, start_time, duration_minutes, total_points, weight_percentage) VALUES ('E0035', 'SEC0005', 'Midterm', '2023-08-20', '16:00:00', 180, 200, 0.3);
INSERT INTO exams (exam_id, section_id, exam_type, exam_date, start_time, duration_minutes, total_points, weight_percentage) VALUES ('E0036', 'SEC0019', 'Final', '2023-05-25', '08:00:00', 90, 200, 0.3);
INSERT INTO exams (exam_id, section_id, exam_type, exam_date, start_time, duration_minutes, total_points, weight_percentage) VALUES ('E0037', 'SEC0006', 'Oral', '2023-03-02', '11:00:00', 120, 200, 0.3);
INSERT INTO exams (exam_id, section_id, exam_type, exam_date, start_time, duration_minutes, total_points, weight_percentage) VALUES ('E0038', 'SEC0006', 'Quiz', '2023-06-27', '11:00:00', 60, 150, 0.5);
INSERT INTO exams (exam_id, section_id, exam_type, exam_date, start_time, duration_minutes, total_points, weight_percentage) VALUES ('E0039', 'SEC0019', 'Midterm', '2023-10-08', '15:00:00', 120, 200, 0.5);
INSERT INTO exams (exam_id, section_id, exam_type, exam_date, start_time, duration_minutes, total_points, weight_percentage) VALUES ('E0040', 'SEC0009', 'Oral', '2024-09-12', '13:00:00', 90, 150, 0.2);

-- Insert data into exam_scores
INSERT INTO exam_scores (exam_id, student_id, score, percentage, grade, submitted_date) VALUES ('E0022', 'S2020017', 80.26, 80.26, 'B', '2025-11-04 10:39:22');
INSERT INTO exam_scores (exam_id, student_id, score, percentage, grade, submitted_date) VALUES ('E0010', 'S2020045', 67.24, 67.24, 'D', '2025-11-04 10:39:22');
INSERT INTO exam_scores (exam_id, student_id, score, percentage, grade, submitted_date) VALUES ('E0024', 'S2020014', 57.82, 57.82, 'F', '2025-11-04 10:39:22');
INSERT INTO exam_scores (exam_id, student_id, score, percentage, grade, submitted_date) VALUES ('E0019', 'S2020029', 81.81, 81.81, 'B', '2025-11-04 10:39:22');
INSERT INTO exam_scores (exam_id, student_id, score, percentage, grade, submitted_date) VALUES ('E0025', 'S2020000', 62.62, 62.62, 'D', '2025-11-04 10:39:22');
INSERT INTO exam_scores (exam_id, student_id, score, percentage, grade, submitted_date) VALUES ('E0020', 'S2020002', 99.59, 99.59, 'A', '2025-11-04 10:39:22');
INSERT INTO exam_scores (exam_id, student_id, score, percentage, grade, submitted_date) VALUES ('E0029', 'S2020036', 85.42, 85.42, 'B', '2025-11-04 10:39:22');
INSERT INTO exam_scores (exam_id, student_id, score, percentage, grade, submitted_date) VALUES ('E0039', 'S2020006', 82.76, 82.76, 'B', '2025-11-04 10:39:22');
INSERT INTO exam_scores (exam_id, student_id, score, percentage, grade, submitted_date) VALUES ('E0009', 'S2020028', 65.13, 65.13, 'D', '2025-11-04 10:39:22');
INSERT INTO exam_scores (exam_id, student_id, score, percentage, grade, submitted_date) VALUES ('E0019', 'S2020034', 91.86, 91.86, 'A', '2025-11-04 10:39:22');
INSERT INTO exam_scores (exam_id, student_id, score, percentage, grade, submitted_date) VALUES ('E0039', 'S2020005', 80.55, 80.55, 'B', '2025-11-04 10:39:22');
INSERT INTO exam_scores (exam_id, student_id, score, percentage, grade, submitted_date) VALUES ('E0030', 'S2020036', 95.49, 95.49, 'A', '2025-11-04 10:39:22');
INSERT INTO exam_scores (exam_id, student_id, score, percentage, grade, submitted_date) VALUES ('E0038', 'S2020005', 50.02, 50.02, 'F', '2025-11-04 10:39:22');
INSERT INTO exam_scores (exam_id, student_id, score, percentage, grade, submitted_date) VALUES ('E0032', 'S2020046', 55.5, 55.5, 'F', '2025-11-04 10:39:22');
INSERT INTO exam_scores (exam_id, student_id, score, percentage, grade, submitted_date) VALUES ('E0018', 'S2020039', 63.54, 63.54, 'D', '2025-11-04 10:39:22');
INSERT INTO exam_scores (exam_id, student_id, score, percentage, grade, submitted_date) VALUES ('E0024', 'S2020007', 61.65, 61.65, 'D', '2025-11-04 10:39:22');
INSERT INTO exam_scores (exam_id, student_id, score, percentage, grade, submitted_date) VALUES ('E0025', 'S2020028', 80.22, 80.22, 'B', '2025-11-04 10:39:22');
INSERT INTO exam_scores (exam_id, student_id, score, percentage, grade, submitted_date) VALUES ('E0003', 'S2020015', 73.77, 73.77, 'C', '2025-11-04 10:39:22');
INSERT INTO exam_scores (exam_id, student_id, score, percentage, grade, submitted_date) VALUES ('E0002', 'S2020044', 56.8, 56.8, 'F', '2025-11-04 10:39:22');
INSERT INTO exam_scores (exam_id, student_id, score, percentage, grade, submitted_date) VALUES ('E0016', 'S2020028', 98.25, 98.25, 'A', '2025-11-04 10:39:22');
INSERT INTO exam_scores (exam_id, student_id, score, percentage, grade, submitted_date) VALUES ('E0032', 'S2020031', 61.05, 61.05, 'D', '2025-11-04 10:39:22');
INSERT INTO exam_scores (exam_id, student_id, score, percentage, grade, submitted_date) VALUES ('E0011', 'S2020009', 94.14, 94.14, 'A', '2025-11-04 10:39:22');
INSERT INTO exam_scores (exam_id, student_id, score, percentage, grade, submitted_date) VALUES ('E0010', 'S2020048', 84.68, 84.68, 'B', '2025-11-04 10:39:22');
INSERT INTO exam_scores (exam_id, student_id, score, percentage, grade, submitted_date) VALUES ('E0034', 'S2020004', 54.57, 54.57, 'F', '2025-11-04 10:39:22');
INSERT INTO exam_scores (exam_id, student_id, score, percentage, grade, submitted_date) VALUES ('E0024', 'S2020023', 64.71, 64.71, 'D', '2025-11-04 10:39:22');
INSERT INTO exam_scores (exam_id, student_id, score, percentage, grade, submitted_date) VALUES ('E0015', 'S2020043', 89.79, 89.79, 'B', '2025-11-04 10:39:22');
INSERT INTO exam_scores (exam_id, student_id, score, percentage, grade, submitted_date) VALUES ('E0011', 'S2020002', 67.81, 67.81, 'D', '2025-11-04 10:39:22');
INSERT INTO exam_scores (exam_id, student_id, score, percentage, grade, submitted_date) VALUES ('E0029', 'S2020015', 79.24, 79.24, 'C', '2025-11-04 10:39:22');
INSERT INTO exam_scores (exam_id, student_id, score, percentage, grade, submitted_date) VALUES ('E0039', 'S2020018', 74.42, 74.42, 'C', '2025-11-04 10:39:22');
INSERT INTO exam_scores (exam_id, student_id, score, percentage, grade, submitted_date) VALUES ('E0021', 'S2020011', 73.08, 73.08, 'C', '2025-11-04 10:39:22');
INSERT INTO exam_scores (exam_id, student_id, score, percentage, grade, submitted_date) VALUES ('E0033', 'S2020005', 78.48, 78.48, 'C', '2025-11-04 10:39:22');
INSERT INTO exam_scores (exam_id, student_id, score, percentage, grade, submitted_date) VALUES ('E0034', 'S2020046', 54.37, 54.37, 'F', '2025-11-04 10:39:22');
INSERT INTO exam_scores (exam_id, student_id, score, percentage, grade, submitted_date) VALUES ('E0022', 'S2020044', 54.85, 54.85, 'F', '2025-11-04 10:39:22');
INSERT INTO exam_scores (exam_id, student_id, score, percentage, grade, submitted_date) VALUES ('E0022', 'S2020024', 51.17, 51.17, 'F', '2025-11-04 10:39:22');
INSERT INTO exam_scores (exam_id, student_id, score, percentage, grade, submitted_date) VALUES ('E0034', 'S2020042', 73.14, 73.14, 'C', '2025-11-04 10:39:22');
INSERT INTO exam_scores (exam_id, student_id, score, percentage, grade, submitted_date) VALUES ('E0005', 'S2020040', 65.75, 65.75, 'D', '2025-11-04 10:39:22');
INSERT INTO exam_scores (exam_id, student_id, score, percentage, grade, submitted_date) VALUES ('E0007', 'S2020020', 72.26, 72.26, 'C', '2025-11-04 10:39:22');
INSERT INTO exam_scores (exam_id, student_id, score, percentage, grade, submitted_date) VALUES ('E0031', 'S2020005', 54.79, 54.79, 'F', '2025-11-04 10:39:22');
INSERT INTO exam_scores (exam_id, student_id, score, percentage, grade, submitted_date) VALUES ('E0032', 'S2020011', 60.23, 60.23, 'D', '2025-11-04 10:39:22');
INSERT INTO exam_scores (exam_id, student_id, score, percentage, grade, submitted_date) VALUES ('E0029', 'S2020042', 58.89, 58.89, 'F', '2025-11-04 10:39:22');
INSERT INTO exam_scores (exam_id, student_id, score, percentage, grade, submitted_date) VALUES ('E0026', 'S2020006', 80.02, 80.02, 'B', '2025-11-04 10:39:22');
INSERT INTO exam_scores (exam_id, student_id, score, percentage, grade, submitted_date) VALUES ('E0003', 'S2020026', 65.54, 65.54, 'D', '2025-11-04 10:39:22');
INSERT INTO exam_scores (exam_id, student_id, score, percentage, grade, submitted_date) VALUES ('E0010', 'S2020013', 86.25, 86.25, 'B', '2025-11-04 10:39:22');
INSERT INTO exam_scores (exam_id, student_id, score, percentage, grade, submitted_date) VALUES ('E0003', 'S2020043', 71.09, 71.09, 'C', '2025-11-04 10:39:22');
INSERT INTO exam_scores (exam_id, student_id, score, percentage, grade, submitted_date) VALUES ('E0003', 'S2020034', 85.44, 85.44, 'B', '2025-11-04 10:39:22');
INSERT INTO exam_scores (exam_id, student_id, score, percentage, grade, submitted_date) VALUES ('E0034', 'S2020020', 68.13, 68.13, 'D', '2025-11-04 10:39:22');
INSERT INTO exam_scores (exam_id, student_id, score, percentage, grade, submitted_date) VALUES ('E0005', 'S2020036', 74.94, 74.94, 'C', '2025-11-04 10:39:22');
INSERT INTO exam_scores (exam_id, student_id, score, percentage, grade, submitted_date) VALUES ('E0019', 'S2020023', 84.23, 84.23, 'B', '2025-11-04 10:39:22');
INSERT INTO exam_scores (exam_id, student_id, score, percentage, grade, submitted_date) VALUES ('E0012', 'S2020047', 91.43, 91.43, 'A', '2025-11-04 10:39:22');
INSERT INTO exam_scores (exam_id, student_id, score, percentage, grade, submitted_date) VALUES ('E0033', 'S2020040', 57.32, 57.32, 'F', '2025-11-04 10:39:22');

-- Insert data into class_sessions
INSERT INTO class_sessions (session_id, section_id, session_date, session_number, topic, notes) VALUES ('SESS0001', 'SEC0026', '2023-01-01', 1, 'Topic 1', 'Session notes for topic 1');
INSERT INTO class_sessions (session_id, section_id, session_date, session_number, topic, notes) VALUES ('SESS0002', 'SEC0014', '2023-03-05', 2, 'Topic 2', 'Session notes for topic 2');
INSERT INTO class_sessions (session_id, section_id, session_date, session_number, topic, notes) VALUES ('SESS0003', 'SEC0008', '2024-06-14', 3, 'Topic 3', 'Session notes for topic 3');
INSERT INTO class_sessions (session_id, section_id, session_date, session_number, topic, notes) VALUES ('SESS0004', 'SEC0007', '2024-11-18', 4, 'Topic 4', 'Session notes for topic 4');
INSERT INTO class_sessions (session_id, section_id, session_date, session_number, topic, notes) VALUES ('SESS0005', 'SEC0010', '2024-02-10', 5, 'Topic 5', 'Session notes for topic 5');
INSERT INTO class_sessions (session_id, section_id, session_date, session_number, topic, notes) VALUES ('SESS0006', 'SEC0012', '2023-01-24', 6, 'Topic 6', 'Session notes for topic 6');
INSERT INTO class_sessions (session_id, section_id, session_date, session_number, topic, notes) VALUES ('SESS0007', 'SEC0013', '2024-05-08', 7, 'Topic 7', 'Session notes for topic 7');
INSERT INTO class_sessions (session_id, section_id, session_date, session_number, topic, notes) VALUES ('SESS0008', 'SEC0020', '2023-08-18', 8, 'Topic 8', 'Session notes for topic 8');
INSERT INTO class_sessions (session_id, section_id, session_date, session_number, topic, notes) VALUES ('SESS0009', 'SEC0031', '2024-01-11', 9, 'Topic 9', 'Session notes for topic 9');
INSERT INTO class_sessions (session_id, section_id, session_date, session_number, topic, notes) VALUES ('SESS0010', 'SEC0001', '2024-01-13', 10, 'Topic 10', 'Session notes for topic 10');
INSERT INTO class_sessions (session_id, section_id, session_date, session_number, topic, notes) VALUES ('SESS0011', 'SEC0034', '2023-02-12', 11, 'Topic 11', 'Session notes for topic 11');
INSERT INTO class_sessions (session_id, section_id, session_date, session_number, topic, notes) VALUES ('SESS0012', 'SEC0012', '2024-08-17', 12, 'Topic 12', 'Session notes for topic 12');
INSERT INTO class_sessions (session_id, section_id, session_date, session_number, topic, notes) VALUES ('SESS0013', 'SEC0007', '2023-03-07', 13, 'Topic 13', 'Session notes for topic 13');
INSERT INTO class_sessions (session_id, section_id, session_date, session_number, topic, notes) VALUES ('SESS0014', 'SEC0034', '2023-03-25', 14, 'Topic 14', 'Session notes for topic 14');
INSERT INTO class_sessions (session_id, section_id, session_date, session_number, topic, notes) VALUES ('SESS0015', 'SEC0021', '2024-12-04', 15, 'Topic 15', 'Session notes for topic 15');
INSERT INTO class_sessions (session_id, section_id, session_date, session_number, topic, notes) VALUES ('SESS0016', 'SEC0023', '2024-04-16', 16, 'Topic 16', 'Session notes for topic 16');
INSERT INTO class_sessions (session_id, section_id, session_date, session_number, topic, notes) VALUES ('SESS0017', 'SEC0029', '2023-07-21', 17, 'Topic 17', 'Session notes for topic 17');
INSERT INTO class_sessions (session_id, section_id, session_date, session_number, topic, notes) VALUES ('SESS0018', 'SEC0014', '2023-10-27', 18, 'Topic 18', 'Session notes for topic 18');
INSERT INTO class_sessions (session_id, section_id, session_date, session_number, topic, notes) VALUES ('SESS0019', 'SEC0023', '2024-09-03', 19, 'Topic 19', 'Session notes for topic 19');
INSERT INTO class_sessions (session_id, section_id, session_date, session_number, topic, notes) VALUES ('SESS0020', 'SEC0032', '2024-05-26', 20, 'Topic 20', 'Session notes for topic 20');
INSERT INTO class_sessions (session_id, section_id, session_date, session_number, topic, notes) VALUES ('SESS0021', 'SEC0029', '2024-02-12', 21, 'Topic 21', 'Session notes for topic 21');
INSERT INTO class_sessions (session_id, section_id, session_date, session_number, topic, notes) VALUES ('SESS0022', 'SEC0005', '2024-11-08', 22, 'Topic 22', 'Session notes for topic 22');
INSERT INTO class_sessions (session_id, section_id, session_date, session_number, topic, notes) VALUES ('SESS0023', 'SEC0005', '2024-08-15', 23, 'Topic 23', 'Session notes for topic 23');
INSERT INTO class_sessions (session_id, section_id, session_date, session_number, topic, notes) VALUES ('SESS0024', 'SEC0016', '2024-02-28', 24, 'Topic 24', 'Session notes for topic 24');
INSERT INTO class_sessions (session_id, section_id, session_date, session_number, topic, notes) VALUES ('SESS0025', 'SEC0013', '2023-12-22', 25, 'Topic 25', 'Session notes for topic 25');
INSERT INTO class_sessions (session_id, section_id, session_date, session_number, topic, notes) VALUES ('SESS0026', 'SEC0012', '2023-07-30', 26, 'Topic 26', 'Session notes for topic 26');
INSERT INTO class_sessions (session_id, section_id, session_date, session_number, topic, notes) VALUES ('SESS0027', 'SEC0018', '2023-07-08', 27, 'Topic 27', 'Session notes for topic 27');
INSERT INTO class_sessions (session_id, section_id, session_date, session_number, topic, notes) VALUES ('SESS0028', 'SEC0011', '2024-08-28', 28, 'Topic 28', 'Session notes for topic 28');
INSERT INTO class_sessions (session_id, section_id, session_date, session_number, topic, notes) VALUES ('SESS0029', 'SEC0030', '2023-10-03', 29, 'Topic 29', 'Session notes for topic 29');
INSERT INTO class_sessions (session_id, section_id, session_date, session_number, topic, notes) VALUES ('SESS0030', 'SEC0016', '2023-11-29', 30, 'Topic 30', 'Session notes for topic 30');
INSERT INTO class_sessions (session_id, section_id, session_date, session_number, topic, notes) VALUES ('SESS0031', 'SEC0018', '2023-01-05', 31, 'Topic 31', 'Session notes for topic 31');
INSERT INTO class_sessions (session_id, section_id, session_date, session_number, topic, notes) VALUES ('SESS0032', 'SEC0029', '2023-04-21', 32, 'Topic 32', 'Session notes for topic 32');
INSERT INTO class_sessions (session_id, section_id, session_date, session_number, topic, notes) VALUES ('SESS0033', 'SEC0014', '2024-11-15', 33, 'Topic 33', 'Session notes for topic 33');
INSERT INTO class_sessions (session_id, section_id, session_date, session_number, topic, notes) VALUES ('SESS0034', 'SEC0031', '2024-12-01', 34, 'Topic 34', 'Session notes for topic 34');
INSERT INTO class_sessions (session_id, section_id, session_date, session_number, topic, notes) VALUES ('SESS0035', 'SEC0003', '2024-10-09', 35, 'Topic 35', 'Session notes for topic 35');

-- Insert data into attendance_records
INSERT INTO attendance_records (session_id, student_id, status, check_in_time, notes) VALUES ('SESS0011', 'S2020023', 'Late', '09:26:00', 'Late arrival');
INSERT INTO attendance_records (session_id, student_id, status, check_in_time, notes) VALUES ('SESS0027', 'S2020039', 'Late', '09:50:00', 'Late arrival');
INSERT INTO attendance_records (session_id, student_id, status, check_in_time, notes) VALUES ('SESS0013', 'S2020049', 'Late', '10:58:00', 'Late arrival');
INSERT INTO attendance_records (session_id, student_id, status, check_in_time, notes) VALUES ('SESS0035', 'S2020005', 'Absent', NULL, NULL);
INSERT INTO attendance_records (session_id, student_id, status, check_in_time, notes) VALUES ('SESS0002', 'S2020045', 'Excused', NULL, NULL);
INSERT INTO attendance_records (session_id, student_id, status, check_in_time, notes) VALUES ('SESS0020', 'S2020010', 'Present', '10:09:00', NULL);
INSERT INTO attendance_records (session_id, student_id, status, check_in_time, notes) VALUES ('SESS0002', 'S2020048', 'Late', '08:11:00', 'Late arrival');
INSERT INTO attendance_records (session_id, student_id, status, check_in_time, notes) VALUES ('SESS0002', 'S2020038', 'Excused', NULL, NULL);
INSERT INTO attendance_records (session_id, student_id, status, check_in_time, notes) VALUES ('SESS0014', 'S2020027', 'Present', '08:38:00', NULL);
INSERT INTO attendance_records (session_id, student_id, status, check_in_time, notes) VALUES ('SESS0005', 'S2020026', 'Excused', NULL, NULL);
INSERT INTO attendance_records (session_id, student_id, status, check_in_time, notes) VALUES ('SESS0030', 'S2020024', 'Present', '09:01:00', NULL);
INSERT INTO attendance_records (session_id, student_id, status, check_in_time, notes) VALUES ('SESS0002', 'S2020006', 'Late', '10:30:00', 'Late arrival');
INSERT INTO attendance_records (session_id, student_id, status, check_in_time, notes) VALUES ('SESS0015', 'S2020016', 'Excused', NULL, NULL);
INSERT INTO attendance_records (session_id, student_id, status, check_in_time, notes) VALUES ('SESS0010', 'S2020003', 'Excused', NULL, NULL);
INSERT INTO attendance_records (session_id, student_id, status, check_in_time, notes) VALUES ('SESS0023', 'S2020035', 'Present', '09:35:00', NULL);
INSERT INTO attendance_records (session_id, student_id, status, check_in_time, notes) VALUES ('SESS0013', 'S2020023', 'Absent', NULL, NULL);
INSERT INTO attendance_records (session_id, student_id, status, check_in_time, notes) VALUES ('SESS0004', 'S2020025', 'Present', '08:14:00', NULL);
INSERT INTO attendance_records (session_id, student_id, status, check_in_time, notes) VALUES ('SESS0018', 'S2020034', 'Present', '08:33:00', NULL);
INSERT INTO attendance_records (session_id, student_id, status, check_in_time, notes) VALUES ('SESS0016', 'S2020009', 'Absent', NULL, NULL);
INSERT INTO attendance_records (session_id, student_id, status, check_in_time, notes) VALUES ('SESS0025', 'S2020001', 'Excused', NULL, NULL);
INSERT INTO attendance_records (session_id, student_id, status, check_in_time, notes) VALUES ('SESS0017', 'S2020033', 'Late', '09:50:00', 'Late arrival');
INSERT INTO attendance_records (session_id, student_id, status, check_in_time, notes) VALUES ('SESS0027', 'S2020006', 'Present', '09:57:00', NULL);
INSERT INTO attendance_records (session_id, student_id, status, check_in_time, notes) VALUES ('SESS0033', 'S2020033', 'Present', '08:19:00', NULL);
INSERT INTO attendance_records (session_id, student_id, status, check_in_time, notes) VALUES ('SESS0035', 'S2020047', 'Excused', NULL, NULL);
INSERT INTO attendance_records (session_id, student_id, status, check_in_time, notes) VALUES ('SESS0028', 'S2020012', 'Present', '10:34:00', NULL);
INSERT INTO attendance_records (session_id, student_id, status, check_in_time, notes) VALUES ('SESS0030', 'S2020019', 'Late', '08:12:00', 'Late arrival');
INSERT INTO attendance_records (session_id, student_id, status, check_in_time, notes) VALUES ('SESS0011', 'S2020033', 'Absent', NULL, NULL);
INSERT INTO attendance_records (session_id, student_id, status, check_in_time, notes) VALUES ('SESS0016', 'S2020025', 'Present', '10:36:00', NULL);
INSERT INTO attendance_records (session_id, student_id, status, check_in_time, notes) VALUES ('SESS0015', 'S2020026', 'Present', '08:14:00', NULL);
INSERT INTO attendance_records (session_id, student_id, status, check_in_time, notes) VALUES ('SESS0009', 'S2020003', 'Late', '10:07:00', 'Late arrival');
INSERT INTO attendance_records (session_id, student_id, status, check_in_time, notes) VALUES ('SESS0034', 'S2020027', 'Absent', NULL, NULL);
INSERT INTO attendance_records (session_id, student_id, status, check_in_time, notes) VALUES ('SESS0028', 'S2020021', 'Late', '08:46:00', 'Late arrival');
INSERT INTO attendance_records (session_id, student_id, status, check_in_time, notes) VALUES ('SESS0034', 'S2020042', 'Present', '10:51:00', NULL);
INSERT INTO attendance_records (session_id, student_id, status, check_in_time, notes) VALUES ('SESS0026', 'S2020025', 'Absent', NULL, NULL);
INSERT INTO attendance_records (session_id, student_id, status, check_in_time, notes) VALUES ('SESS0005', 'S2020007', 'Present', '09:30:00', NULL);
INSERT INTO attendance_records (session_id, student_id, status, check_in_time, notes) VALUES ('SESS0012', 'S2020017', 'Excused', NULL, NULL);
INSERT INTO attendance_records (session_id, student_id, status, check_in_time, notes) VALUES ('SESS0019', 'S2020048', 'Excused', NULL, NULL);
INSERT INTO attendance_records (session_id, student_id, status, check_in_time, notes) VALUES ('SESS0004', 'S2020009', 'Excused', NULL, NULL);
INSERT INTO attendance_records (session_id, student_id, status, check_in_time, notes) VALUES ('SESS0001', 'S2020040', 'Late', '08:01:00', 'Late arrival');
INSERT INTO attendance_records (session_id, student_id, status, check_in_time, notes) VALUES ('SESS0028', 'S2020042', 'Late', '08:39:00', 'Late arrival');
INSERT INTO attendance_records (session_id, student_id, status, check_in_time, notes) VALUES ('SESS0018', 'S2020049', 'Late', '08:46:00', 'Late arrival');
INSERT INTO attendance_records (session_id, student_id, status, check_in_time, notes) VALUES ('SESS0035', 'S2020002', 'Absent', NULL, NULL);
INSERT INTO attendance_records (session_id, student_id, status, check_in_time, notes) VALUES ('SESS0017', 'S2020009', 'Excused', NULL, NULL);
INSERT INTO attendance_records (session_id, student_id, status, check_in_time, notes) VALUES ('SESS0016', 'S2020021', 'Present', '08:31:00', NULL);
INSERT INTO attendance_records (session_id, student_id, status, check_in_time, notes) VALUES ('SESS0014', 'S2020011', 'Excused', NULL, NULL);
INSERT INTO attendance_records (session_id, student_id, status, check_in_time, notes) VALUES ('SESS0026', 'S2020028', 'Absent', NULL, NULL);
INSERT INTO attendance_records (session_id, student_id, status, check_in_time, notes) VALUES ('SESS0006', 'S2020042', 'Late', '10:37:00', 'Late arrival');
INSERT INTO attendance_records (session_id, student_id, status, check_in_time, notes) VALUES ('SESS0033', 'S2020017', 'Present', '10:45:00', NULL);
INSERT INTO attendance_records (session_id, student_id, status, check_in_time, notes) VALUES ('SESS0009', 'S2020011', 'Present', '08:54:00', NULL);
INSERT INTO attendance_records (session_id, student_id, status, check_in_time, notes) VALUES ('SESS0022', 'S2020024', 'Present', '09:06:00', NULL);

-- Insert data into majors
INSERT INTO majors (major_id, major_name, program_id, department_id, description) VALUES ('MAJ001', '临床医学', 'PROG001', 'DEPT002', '临床医学专业');
INSERT INTO majors (major_id, major_name, program_id, department_id, description) VALUES ('MAJ002', '基础医学', 'PROG002', 'DEPT001', '基础医学专业');
INSERT INTO majors (major_id, major_name, program_id, department_id, description) VALUES ('MAJ003', '预防医学', 'PROG003', 'DEPT003', '预防医学专业');
INSERT INTO majors (major_id, major_name, program_id, department_id, description) VALUES ('MAJ004', '药学', 'PROG004', 'DEPT004', '药学专业');
INSERT INTO majors (major_id, major_name, program_id, department_id, description) VALUES ('MAJ005', '护理学', 'PROG005', 'DEPT005', '护理学专业');

-- Insert data into student_majors
INSERT INTO student_majors (student_id, major_id, start_date, end_date, is_primary) VALUES ('S2020046', 'MAJ002', '2022-09-24', NULL, 1);
INSERT INTO student_majors (student_id, major_id, start_date, end_date, is_primary) VALUES ('S2020036', 'MAJ003', '2022-04-02', NULL, 1);
INSERT INTO student_majors (student_id, major_id, start_date, end_date, is_primary) VALUES ('S2020021', 'MAJ003', '2021-01-10', NULL, 1);
INSERT INTO student_majors (student_id, major_id, start_date, end_date, is_primary) VALUES ('S2020023', 'MAJ001', '2020-11-01', NULL, 1);
INSERT INTO student_majors (student_id, major_id, start_date, end_date, is_primary) VALUES ('S2020029', 'MAJ005', '2023-03-19', '2024-12-09', 1);
INSERT INTO student_majors (student_id, major_id, start_date, end_date, is_primary) VALUES ('S2020019', 'MAJ001', '2021-02-16', '2024-06-04', 1);
INSERT INTO student_majors (student_id, major_id, start_date, end_date, is_primary) VALUES ('S2020012', 'MAJ001', '2021-08-04', NULL, 1);
INSERT INTO student_majors (student_id, major_id, start_date, end_date, is_primary) VALUES ('S2020021', 'MAJ003', '2022-06-21', NULL, 1);
INSERT INTO student_majors (student_id, major_id, start_date, end_date, is_primary) VALUES ('S2020014', 'MAJ002', '2022-10-14', NULL, 1);
INSERT INTO student_majors (student_id, major_id, start_date, end_date, is_primary) VALUES ('S2020000', 'MAJ002', '2023-01-04', '2025-10-18', 1);
INSERT INTO student_majors (student_id, major_id, start_date, end_date, is_primary) VALUES ('S2020042', 'MAJ004', '2020-02-05', NULL, 1);
INSERT INTO student_majors (student_id, major_id, start_date, end_date, is_primary) VALUES ('S2020008', 'MAJ005', '2022-12-01', NULL, 1);
INSERT INTO student_majors (student_id, major_id, start_date, end_date, is_primary) VALUES ('S2020031', 'MAJ003', '2021-11-16', '2025-07-11', 1);
INSERT INTO student_majors (student_id, major_id, start_date, end_date, is_primary) VALUES ('S2020028', 'MAJ002', '2023-04-15', NULL, 1);
INSERT INTO student_majors (student_id, major_id, start_date, end_date, is_primary) VALUES ('S2020047', 'MAJ005', '2023-03-05', NULL, 1);
INSERT INTO student_majors (student_id, major_id, start_date, end_date, is_primary) VALUES ('S2020036', 'MAJ004', '2021-06-03', NULL, 1);
INSERT INTO student_majors (student_id, major_id, start_date, end_date, is_primary) VALUES ('S2020022', 'MAJ003', '2021-12-13', '2023-07-06', 1);
INSERT INTO student_majors (student_id, major_id, start_date, end_date, is_primary) VALUES ('S2020042', 'MAJ001', '2021-04-11', NULL, 1);
INSERT INTO student_majors (student_id, major_id, start_date, end_date, is_primary) VALUES ('S2020001', 'MAJ005', '2022-03-31', NULL, 1);
INSERT INTO student_majors (student_id, major_id, start_date, end_date, is_primary) VALUES ('S2020022', 'MAJ001', '2020-10-04', NULL, 1);
INSERT INTO student_majors (student_id, major_id, start_date, end_date, is_primary) VALUES ('S2020006', 'MAJ002', '2020-12-23', '2024-12-22', 1);
INSERT INTO student_majors (student_id, major_id, start_date, end_date, is_primary) VALUES ('S2020039', 'MAJ001', '2021-04-16', NULL, 1);
INSERT INTO student_majors (student_id, major_id, start_date, end_date, is_primary) VALUES ('S2020039', 'MAJ002', '2023-05-28', NULL, 1);
INSERT INTO student_majors (student_id, major_id, start_date, end_date, is_primary) VALUES ('S2020033', 'MAJ002', '2020-06-22', '2023-03-24', 1);
INSERT INTO student_majors (student_id, major_id, start_date, end_date, is_primary) VALUES ('S2020001', 'MAJ002', '2022-04-25', '2023-03-15', 1);
INSERT INTO student_majors (student_id, major_id, start_date, end_date, is_primary) VALUES ('S2020018', 'MAJ004', '2022-07-19', '2023-02-09', 1);
INSERT INTO student_majors (student_id, major_id, start_date, end_date, is_primary) VALUES ('S2020037', 'MAJ005', '2022-12-27', NULL, 1);
INSERT INTO student_majors (student_id, major_id, start_date, end_date, is_primary) VALUES ('S2020047', 'MAJ004', '2021-09-04', '2025-05-22', 1);
INSERT INTO student_majors (student_id, major_id, start_date, end_date, is_primary) VALUES ('S2020038', 'MAJ002', '2023-05-19', NULL, 1);
INSERT INTO student_majors (student_id, major_id, start_date, end_date, is_primary) VALUES ('S2020010', 'MAJ004', '2021-12-19', NULL, 1);
INSERT INTO student_majors (student_id, major_id, start_date, end_date, is_primary) VALUES ('S2020045', 'MAJ002', '2021-01-09', NULL, 1);
INSERT INTO student_majors (student_id, major_id, start_date, end_date, is_primary) VALUES ('S2020011', 'MAJ002', '2021-09-04', NULL, 1);
INSERT INTO student_majors (student_id, major_id, start_date, end_date, is_primary) VALUES ('S2020003', 'MAJ001', '2022-03-14', '2025-07-01', 1);
INSERT INTO student_majors (student_id, major_id, start_date, end_date, is_primary) VALUES ('S2020010', 'MAJ005', '2020-04-19', '2024-07-10', 1);
INSERT INTO student_majors (student_id, major_id, start_date, end_date, is_primary) VALUES ('S2020046', 'MAJ001', '2022-12-18', '2023-06-01', 1);
INSERT INTO student_majors (student_id, major_id, start_date, end_date, is_primary) VALUES ('S2020010', 'MAJ002', '2022-07-11', '2025-07-18', 1);
INSERT INTO student_majors (student_id, major_id, start_date, end_date, is_primary) VALUES ('S2020011', 'MAJ005', '2021-06-15', '2024-09-20', 1);
INSERT INTO student_majors (student_id, major_id, start_date, end_date, is_primary) VALUES ('S2020006', 'MAJ002', '2023-01-30', NULL, 1);
INSERT INTO student_majors (student_id, major_id, start_date, end_date, is_primary) VALUES ('S2020025', 'MAJ005', '2020-05-12', NULL, 1);
INSERT INTO student_majors (student_id, major_id, start_date, end_date, is_primary) VALUES ('S2020006', 'MAJ003', '2020-09-22', NULL, 1);
INSERT INTO student_majors (student_id, major_id, start_date, end_date, is_primary) VALUES ('S2020040', 'MAJ001', '2022-12-10', '2023-11-05', 1);
INSERT INTO student_majors (student_id, major_id, start_date, end_date, is_primary) VALUES ('S2020030', 'MAJ003', '2020-06-22', NULL, 1);
INSERT INTO student_majors (student_id, major_id, start_date, end_date, is_primary) VALUES ('S2020031', 'MAJ003', '2022-07-04', NULL, 1);
INSERT INTO student_majors (student_id, major_id, start_date, end_date, is_primary) VALUES ('S2020005', 'MAJ001', '2020-06-12', '2025-08-17', 1);
INSERT INTO student_majors (student_id, major_id, start_date, end_date, is_primary) VALUES ('S2020021', 'MAJ004', '2023-09-19', NULL, 1);

-- Insert data into student_graduation_status
INSERT INTO student_graduation_status (student_id, total_credits_earned, gpa, requirements_met, expected_graduation_date, actual_graduation_date) VALUES ('S2020031', 218.5, 2.64, 1, '2024-10-09', NULL);
INSERT INTO student_graduation_status (student_id, total_credits_earned, gpa, requirements_met, expected_graduation_date, actual_graduation_date) VALUES ('S2020011', 182.3, 3.45, 1, '2025-08-10', NULL);
INSERT INTO student_graduation_status (student_id, total_credits_earned, gpa, requirements_met, expected_graduation_date, actual_graduation_date) VALUES ('S2020006', 134.2, 3.16, 0, '2024-06-01', NULL);
INSERT INTO student_graduation_status (student_id, total_credits_earned, gpa, requirements_met, expected_graduation_date, actual_graduation_date) VALUES ('S2020043', 146.2, 2.68, 0, '2025-10-11', NULL);
INSERT INTO student_graduation_status (student_id, total_credits_earned, gpa, requirements_met, expected_graduation_date, actual_graduation_date) VALUES ('S2020022', 128.0, 2.93, 0, '2025-12-02', NULL);
INSERT INTO student_graduation_status (student_id, total_credits_earned, gpa, requirements_met, expected_graduation_date, actual_graduation_date) VALUES ('S2020029', 222.9, 3.09, 1, '2024-12-31', NULL);
INSERT INTO student_graduation_status (student_id, total_credits_earned, gpa, requirements_met, expected_graduation_date, actual_graduation_date) VALUES ('S2020038', 191.2, 3.47, 1, '2024-12-04', '2025-11-24');
INSERT INTO student_graduation_status (student_id, total_credits_earned, gpa, requirements_met, expected_graduation_date, actual_graduation_date) VALUES ('S2020044', 220.6, 2.6, 1, '2025-05-31', NULL);
INSERT INTO student_graduation_status (student_id, total_credits_earned, gpa, requirements_met, expected_graduation_date, actual_graduation_date) VALUES ('S2020016', 160.1, 2.73, 0, '2026-01-11', NULL);
INSERT INTO student_graduation_status (student_id, total_credits_earned, gpa, requirements_met, expected_graduation_date, actual_graduation_date) VALUES ('S2020038', 206.4, 3.06, 1, '2026-08-20', '2024-09-14');
INSERT INTO student_graduation_status (student_id, total_credits_earned, gpa, requirements_met, expected_graduation_date, actual_graduation_date) VALUES ('S2020046', 151.1, 3.16, 0, '2025-08-22', NULL);
INSERT INTO student_graduation_status (student_id, total_credits_earned, gpa, requirements_met, expected_graduation_date, actual_graduation_date) VALUES ('S2020000', 232.7, 2.62, 1, '2025-07-20', '2025-11-28');
INSERT INTO student_graduation_status (student_id, total_credits_earned, gpa, requirements_met, expected_graduation_date, actual_graduation_date) VALUES ('S2020015', 181.0, 3.1, 1, '2025-12-18', '2025-08-11');
INSERT INTO student_graduation_status (student_id, total_credits_earned, gpa, requirements_met, expected_graduation_date, actual_graduation_date) VALUES ('S2020004', 140.2, 2.9, 0, '2026-03-04', NULL);
INSERT INTO student_graduation_status (student_id, total_credits_earned, gpa, requirements_met, expected_graduation_date, actual_graduation_date) VALUES ('S2020016', 162.9, 3.69, 0, '2026-08-12', NULL);
INSERT INTO student_graduation_status (student_id, total_credits_earned, gpa, requirements_met, expected_graduation_date, actual_graduation_date) VALUES ('S2020001', 218.5, 2.96, 1, '2026-07-16', NULL);
INSERT INTO student_graduation_status (student_id, total_credits_earned, gpa, requirements_met, expected_graduation_date, actual_graduation_date) VALUES ('S2020031', 201.0, 2.61, 1, '2024-04-14', NULL);
INSERT INTO student_graduation_status (student_id, total_credits_earned, gpa, requirements_met, expected_graduation_date, actual_graduation_date) VALUES ('S2020010', 138.8, 2.73, 0, '2024-06-20', NULL);
INSERT INTO student_graduation_status (student_id, total_credits_earned, gpa, requirements_met, expected_graduation_date, actual_graduation_date) VALUES ('S2020044', 128.1, 3.24, 0, '2025-04-05', NULL);
INSERT INTO student_graduation_status (student_id, total_credits_earned, gpa, requirements_met, expected_graduation_date, actual_graduation_date) VALUES ('S2020049', 178.8, 3.23, 0, '2026-12-04', NULL);
INSERT INTO student_graduation_status (student_id, total_credits_earned, gpa, requirements_met, expected_graduation_date, actual_graduation_date) VALUES ('S2020007', 204.0, 3.51, 1, '2025-05-26', NULL);
INSERT INTO student_graduation_status (student_id, total_credits_earned, gpa, requirements_met, expected_graduation_date, actual_graduation_date) VALUES ('S2020045', 225.5, 3.79, 1, '2026-03-21', NULL);
INSERT INTO student_graduation_status (student_id, total_credits_earned, gpa, requirements_met, expected_graduation_date, actual_graduation_date) VALUES ('S2020042', 214.0, 2.61, 1, '2024-04-26', '2025-08-10');
INSERT INTO student_graduation_status (student_id, total_credits_earned, gpa, requirements_met, expected_graduation_date, actual_graduation_date) VALUES ('S2020007', 154.6, 3.94, 0, '2025-10-12', NULL);
INSERT INTO student_graduation_status (student_id, total_credits_earned, gpa, requirements_met, expected_graduation_date, actual_graduation_date) VALUES ('S2020042', 216.8, 2.62, 1, '2025-05-29', '2024-07-13');
INSERT INTO student_graduation_status (student_id, total_credits_earned, gpa, requirements_met, expected_graduation_date, actual_graduation_date) VALUES ('S2020041', 158.4, 3.1, 0, '2026-12-07', NULL);
INSERT INTO student_graduation_status (student_id, total_credits_earned, gpa, requirements_met, expected_graduation_date, actual_graduation_date) VALUES ('S2020006', 134.5, 3.72, 0, '2025-03-04', NULL);
INSERT INTO student_graduation_status (student_id, total_credits_earned, gpa, requirements_met, expected_graduation_date, actual_graduation_date) VALUES ('S2020013', 220.5, 2.76, 1, '2026-05-01', '2024-11-01');
INSERT INTO student_graduation_status (student_id, total_credits_earned, gpa, requirements_met, expected_graduation_date, actual_graduation_date) VALUES ('S2020018', 184.1, 3.95, 1, '2026-03-09', NULL);
INSERT INTO student_graduation_status (student_id, total_credits_earned, gpa, requirements_met, expected_graduation_date, actual_graduation_date) VALUES ('S2020036', 166.3, 2.59, 0, '2026-12-18', NULL);
INSERT INTO student_graduation_status (student_id, total_credits_earned, gpa, requirements_met, expected_graduation_date, actual_graduation_date) VALUES ('S2020033', 191.4, 3.35, 1, '2025-05-16', NULL);
INSERT INTO student_graduation_status (student_id, total_credits_earned, gpa, requirements_met, expected_graduation_date, actual_graduation_date) VALUES ('S2020048', 123.9, 3.64, 0, '2025-04-09', NULL);
INSERT INTO student_graduation_status (student_id, total_credits_earned, gpa, requirements_met, expected_graduation_date, actual_graduation_date) VALUES ('S2020038', 231.4, 3.2, 1, '2024-09-03', NULL);
INSERT INTO student_graduation_status (student_id, total_credits_earned, gpa, requirements_met, expected_graduation_date, actual_graduation_date) VALUES ('S2020040', 195.8, 2.59, 1, '2024-07-29', '2025-10-22');
INSERT INTO student_graduation_status (student_id, total_credits_earned, gpa, requirements_met, expected_graduation_date, actual_graduation_date) VALUES ('S2020027', 146.4, 3.73, 0, '2024-09-19', NULL);
INSERT INTO student_graduation_status (student_id, total_credits_earned, gpa, requirements_met, expected_graduation_date, actual_graduation_date) VALUES ('S2020041', 150.4, 2.85, 0, '2025-05-17', NULL);
INSERT INTO student_graduation_status (student_id, total_credits_earned, gpa, requirements_met, expected_graduation_date, actual_graduation_date) VALUES ('S2020042', 233.8, 3.7, 1, '2024-06-07', NULL);
INSERT INTO student_graduation_status (student_id, total_credits_earned, gpa, requirements_met, expected_graduation_date, actual_graduation_date) VALUES ('S2020034', 153.6, 2.91, 0, '2024-01-17', NULL);
INSERT INTO student_graduation_status (student_id, total_credits_earned, gpa, requirements_met, expected_graduation_date, actual_graduation_date) VALUES ('S2020008', 126.3, 3.22, 0, '2025-11-22', NULL);
INSERT INTO student_graduation_status (student_id, total_credits_earned, gpa, requirements_met, expected_graduation_date, actual_graduation_date) VALUES ('S2020032', 133.4, 3.53, 0, '2025-01-14', NULL);

-- Insert data into career_placements
INSERT INTO career_placements (student_id, employer_name, position_title, start_date, salary_range, employment_type) VALUES ('S2020038', '成都华西医院', '临床医生', '2024-03-20', '8000-12000', 'Contract');
INSERT INTO career_placements (student_id, employer_name, position_title, start_date, salary_range, employment_type) VALUES ('S2020047', '上海瑞金医院', '全科医生', '2024-02-19', '20000+', 'Full-time');
INSERT INTO career_placements (student_id, employer_name, position_title, start_date, salary_range, employment_type) VALUES ('S2020029', '上海瑞金医院', '临床医生', '2024-07-20', '5000-8000', 'Full-time');
INSERT INTO career_placements (student_id, employer_name, position_title, start_date, salary_range, employment_type) VALUES ('S2020009', '成都华西医院', '临床医生', '2023-01-13', '5000-8000', 'Internship');
INSERT INTO career_placements (student_id, employer_name, position_title, start_date, salary_range, employment_type) VALUES ('S2020033', '北京协和医院', '全科医生', '2024-02-09', '20000+', 'Internship');
INSERT INTO career_placements (student_id, employer_name, position_title, start_date, salary_range, employment_type) VALUES ('S2020032', '杭州第一医院', '主治医师', '2024-10-27', '12000-20000', 'Part-time');
INSERT INTO career_placements (student_id, employer_name, position_title, start_date, salary_range, employment_type) VALUES ('S2020002', '深圳人民医院', '全科医生', '2023-11-14', '20000+', 'Part-time');
INSERT INTO career_placements (student_id, employer_name, position_title, start_date, salary_range, employment_type) VALUES ('S2020030', '深圳人民医院', '医学研究员', '2023-08-07', '20000+', 'Internship');
INSERT INTO career_placements (student_id, employer_name, position_title, start_date, salary_range, employment_type) VALUES ('S2020048', '南京鼓楼医院', '全科医生', '2024-03-31', '12000-20000', 'Part-time');
INSERT INTO career_placements (student_id, employer_name, position_title, start_date, salary_range, employment_type) VALUES ('S2020040', '广州中山医院', '医学研究员', '2024-02-27', '20000+', 'Contract');
INSERT INTO career_placements (student_id, employer_name, position_title, start_date, salary_range, employment_type) VALUES ('S2020006', '北京协和医院', '主治医师', '2024-11-13', '5000-8000', 'Contract');
INSERT INTO career_placements (student_id, employer_name, position_title, start_date, salary_range, employment_type) VALUES ('S2020027', '杭州第一医院', '临床医生', '2024-12-03', '8000-12000', 'Part-time');
INSERT INTO career_placements (student_id, employer_name, position_title, start_date, salary_range, employment_type) VALUES ('S2020004', '北京协和医院', '全科医生', '2024-02-28', '20000+', 'Internship');
INSERT INTO career_placements (student_id, employer_name, position_title, start_date, salary_range, employment_type) VALUES ('S2020017', '南京鼓楼医院', '医学研究员', '2023-10-10', '5000-8000', 'Full-time');
INSERT INTO career_placements (student_id, employer_name, position_title, start_date, salary_range, employment_type) VALUES ('S2020015', '杭州第一医院', '全科医生', '2024-12-31', '20000+', 'Full-time');
INSERT INTO career_placements (student_id, employer_name, position_title, start_date, salary_range, employment_type) VALUES ('S2020026', '北京协和医院', '住院医师', '2024-02-09', '20000+', 'Part-time');
INSERT INTO career_placements (student_id, employer_name, position_title, start_date, salary_range, employment_type) VALUES ('S2020037', '北京协和医院', '医学研究员', '2024-04-07', '8000-12000', 'Part-time');
INSERT INTO career_placements (student_id, employer_name, position_title, start_date, salary_range, employment_type) VALUES ('S2020003', '广州中山医院', '临床医生', '2023-08-14', '8000-12000', 'Internship');
INSERT INTO career_placements (student_id, employer_name, position_title, start_date, salary_range, employment_type) VALUES ('S2020002', '成都华西医院', '全科医生', '2023-12-21', '12000-20000', 'Internship');
INSERT INTO career_placements (student_id, employer_name, position_title, start_date, salary_range, employment_type) VALUES ('S2020009', '上海瑞金医院', '全科医生', '2023-12-17', '5000-8000', 'Part-time');
INSERT INTO career_placements (student_id, employer_name, position_title, start_date, salary_range, employment_type) VALUES ('S2020021', '武汉同济医院', '主治医师', '2023-10-13', '20000+', 'Full-time');
INSERT INTO career_placements (student_id, employer_name, position_title, start_date, salary_range, employment_type) VALUES ('S2020014', '广州中山医院', '全科医生', '2024-08-26', '8000-12000', 'Contract');
INSERT INTO career_placements (student_id, employer_name, position_title, start_date, salary_range, employment_type) VALUES ('S2020018', '成都华西医院', '全科医生', '2023-04-19', '12000-20000', 'Contract');
INSERT INTO career_placements (student_id, employer_name, position_title, start_date, salary_range, employment_type) VALUES ('S2020036', '南京鼓楼医院', '临床医生', '2024-04-11', '12000-20000', 'Full-time');
INSERT INTO career_placements (student_id, employer_name, position_title, start_date, salary_range, employment_type) VALUES ('S2020024', '北京协和医院', '全科医生', '2024-09-19', '12000-20000', 'Part-time');
INSERT INTO career_placements (student_id, employer_name, position_title, start_date, salary_range, employment_type) VALUES ('S2020023', '上海瑞金医院', '住院医师', '2024-07-10', '8000-12000', 'Full-time');
INSERT INTO career_placements (student_id, employer_name, position_title, start_date, salary_range, employment_type) VALUES ('S2020031', '广州中山医院', '全科医生', '2024-09-12', '8000-12000', 'Full-time');
INSERT INTO career_placements (student_id, employer_name, position_title, start_date, salary_range, employment_type) VALUES ('S2020032', '广州中山医院', '医学研究员', '2024-04-19', '5000-8000', 'Contract');
INSERT INTO career_placements (student_id, employer_name, position_title, start_date, salary_range, employment_type) VALUES ('S2020022', '杭州第一医院', '临床医生', '2023-11-26', '8000-12000', 'Internship');
INSERT INTO career_placements (student_id, employer_name, position_title, start_date, salary_range, employment_type) VALUES ('S2020043', '杭州第一医院', '医学研究员', '2024-12-15', '12000-20000', 'Full-time');

-- Insert data into tuition_fees
INSERT INTO tuition_fees (student_id, semester, year, tuition_amount, other_fees, total_amount, due_date) VALUES ('S2020018', 'Fall', 2024, 20000, 1132.98, 21132.98, '2024-9-01');
INSERT INTO tuition_fees (student_id, semester, year, tuition_amount, other_fees, total_amount, due_date) VALUES ('S2020005', 'Fall', 2024, 20000, 672.22, 20672.22, '2024-9-01');
INSERT INTO tuition_fees (student_id, semester, year, tuition_amount, other_fees, total_amount, due_date) VALUES ('S2020028', 'Fall', 2022, 15000, 1620.67, 16620.67, '2022-9-01');
INSERT INTO tuition_fees (student_id, semester, year, tuition_amount, other_fees, total_amount, due_date) VALUES ('S2020005', 'Fall', 2023, 25000, 1176.51, 26176.51, '2023-9-01');
INSERT INTO tuition_fees (student_id, semester, year, tuition_amount, other_fees, total_amount, due_date) VALUES ('S2020025', 'Spring', 2022, 15000, 1300.08, 16300.08, '2022-3-01');
INSERT INTO tuition_fees (student_id, semester, year, tuition_amount, other_fees, total_amount, due_date) VALUES ('S2020018', 'Fall', 2024, 15000, 698.31, 15698.31, '2024-9-01');
INSERT INTO tuition_fees (student_id, semester, year, tuition_amount, other_fees, total_amount, due_date) VALUES ('S2020022', 'Spring', 2023, 20000, 1755.05, 21755.05, '2023-3-01');
INSERT INTO tuition_fees (student_id, semester, year, tuition_amount, other_fees, total_amount, due_date) VALUES ('S2020034', 'Spring', 2024, 15000, 1853.56, 16853.56, '2024-3-01');
INSERT INTO tuition_fees (student_id, semester, year, tuition_amount, other_fees, total_amount, due_date) VALUES ('S2020036', 'Spring', 2023, 20000, 1288.86, 21288.86, '2023-3-01');
INSERT INTO tuition_fees (student_id, semester, year, tuition_amount, other_fees, total_amount, due_date) VALUES ('S2020018', 'Spring', 2022, 15000, 1491.02, 16491.02, '2022-3-01');
INSERT INTO tuition_fees (student_id, semester, year, tuition_amount, other_fees, total_amount, due_date) VALUES ('S2020035', 'Spring', 2022, 18000, 1334.44, 19334.44, '2022-3-01');
INSERT INTO tuition_fees (student_id, semester, year, tuition_amount, other_fees, total_amount, due_date) VALUES ('S2020019', 'Spring', 2022, 15000, 1505.16, 16505.16, '2022-3-01');
INSERT INTO tuition_fees (student_id, semester, year, tuition_amount, other_fees, total_amount, due_date) VALUES ('S2020025', 'Fall', 2023, 15000, 967.33, 15967.33, '2023-9-01');
INSERT INTO tuition_fees (student_id, semester, year, tuition_amount, other_fees, total_amount, due_date) VALUES ('S2020004', 'Spring', 2022, 25000, 1262.91, 26262.91, '2022-3-01');
INSERT INTO tuition_fees (student_id, semester, year, tuition_amount, other_fees, total_amount, due_date) VALUES ('S2020003', 'Spring', 2022, 20000, 1748.92, 21748.92, '2022-3-01');
INSERT INTO tuition_fees (student_id, semester, year, tuition_amount, other_fees, total_amount, due_date) VALUES ('S2020012', 'Fall', 2022, 25000, 1126.6, 26126.6, '2022-9-01');
INSERT INTO tuition_fees (student_id, semester, year, tuition_amount, other_fees, total_amount, due_date) VALUES ('S2020039', 'Fall', 2023, 20000, 1875.35, 21875.35, '2023-9-01');
INSERT INTO tuition_fees (student_id, semester, year, tuition_amount, other_fees, total_amount, due_date) VALUES ('S2020012', 'Fall', 2024, 18000, 1539.71, 19539.71, '2024-9-01');
INSERT INTO tuition_fees (student_id, semester, year, tuition_amount, other_fees, total_amount, due_date) VALUES ('S2020040', 'Fall', 2023, 15000, 1559.86, 16559.86, '2023-9-01');
INSERT INTO tuition_fees (student_id, semester, year, tuition_amount, other_fees, total_amount, due_date) VALUES ('S2020011', 'Spring', 2024, 20000, 1540.78, 21540.78, '2024-3-01');
INSERT INTO tuition_fees (student_id, semester, year, tuition_amount, other_fees, total_amount, due_date) VALUES ('S2020028', 'Spring', 2023, 18000, 1214.31, 19214.31, '2023-3-01');
INSERT INTO tuition_fees (student_id, semester, year, tuition_amount, other_fees, total_amount, due_date) VALUES ('S2020008', 'Fall', 2023, 15000, 1986.83, 16986.83, '2023-9-01');
INSERT INTO tuition_fees (student_id, semester, year, tuition_amount, other_fees, total_amount, due_date) VALUES ('S2020024', 'Fall', 2022, 15000, 1858.69, 16858.69, '2022-9-01');
INSERT INTO tuition_fees (student_id, semester, year, tuition_amount, other_fees, total_amount, due_date) VALUES ('S2020002', 'Fall', 2022, 15000, 1871.44, 16871.44, '2022-9-01');
INSERT INTO tuition_fees (student_id, semester, year, tuition_amount, other_fees, total_amount, due_date) VALUES ('S2020016', 'Fall', 2023, 25000, 816.34, 25816.34, '2023-9-01');
INSERT INTO tuition_fees (student_id, semester, year, tuition_amount, other_fees, total_amount, due_date) VALUES ('S2020000', 'Fall', 2024, 25000, 1440.93, 26440.93, '2024-9-01');
INSERT INTO tuition_fees (student_id, semester, year, tuition_amount, other_fees, total_amount, due_date) VALUES ('S2020015', 'Spring', 2024, 25000, 1625.22, 26625.22, '2024-3-01');
INSERT INTO tuition_fees (student_id, semester, year, tuition_amount, other_fees, total_amount, due_date) VALUES ('S2020025', 'Spring', 2023, 15000, 1858.01, 16858.01, '2023-3-01');
INSERT INTO tuition_fees (student_id, semester, year, tuition_amount, other_fees, total_amount, due_date) VALUES ('S2020006', 'Fall', 2022, 18000, 1566.97, 19566.97, '2022-9-01');
INSERT INTO tuition_fees (student_id, semester, year, tuition_amount, other_fees, total_amount, due_date) VALUES ('S2020027', 'Fall', 2024, 20000, 1688.32, 21688.32, '2024-9-01');
INSERT INTO tuition_fees (student_id, semester, year, tuition_amount, other_fees, total_amount, due_date) VALUES ('S2020002', 'Fall', 2022, 25000, 1158.04, 26158.04, '2022-9-01');
INSERT INTO tuition_fees (student_id, semester, year, tuition_amount, other_fees, total_amount, due_date) VALUES ('S2020028', 'Fall', 2024, 25000, 1408.89, 26408.89, '2024-9-01');
INSERT INTO tuition_fees (student_id, semester, year, tuition_amount, other_fees, total_amount, due_date) VALUES ('S2020034', 'Fall', 2024, 25000, 1062.15, 26062.15, '2024-9-01');
INSERT INTO tuition_fees (student_id, semester, year, tuition_amount, other_fees, total_amount, due_date) VALUES ('S2020011', 'Fall', 2023, 18000, 1312.34, 19312.34, '2023-9-01');
INSERT INTO tuition_fees (student_id, semester, year, tuition_amount, other_fees, total_amount, due_date) VALUES ('S2020047', 'Spring', 2022, 25000, 1685.35, 26685.35, '2022-3-01');
INSERT INTO tuition_fees (student_id, semester, year, tuition_amount, other_fees, total_amount, due_date) VALUES ('S2020026', 'Spring', 2022, 15000, 1395.64, 16395.64, '2022-3-01');
INSERT INTO tuition_fees (student_id, semester, year, tuition_amount, other_fees, total_amount, due_date) VALUES ('S2020045', 'Fall', 2024, 20000, 1235.41, 21235.41, '2024-9-01');
INSERT INTO tuition_fees (student_id, semester, year, tuition_amount, other_fees, total_amount, due_date) VALUES ('S2020032', 'Fall', 2024, 18000, 1665.72, 19665.72, '2024-9-01');
INSERT INTO tuition_fees (student_id, semester, year, tuition_amount, other_fees, total_amount, due_date) VALUES ('S2020013', 'Fall', 2022, 25000, 1116.88, 26116.88, '2022-9-01');
INSERT INTO tuition_fees (student_id, semester, year, tuition_amount, other_fees, total_amount, due_date) VALUES ('S2020043', 'Fall', 2023, 20000, 648.99, 20648.99, '2023-9-01');
INSERT INTO tuition_fees (student_id, semester, year, tuition_amount, other_fees, total_amount, due_date) VALUES ('S2020000', 'Fall', 2022, 20000, 903.67, 20903.67, '2022-9-01');
INSERT INTO tuition_fees (student_id, semester, year, tuition_amount, other_fees, total_amount, due_date) VALUES ('S2020009', 'Fall', 2022, 18000, 1385.86, 19385.86, '2022-9-01');
INSERT INTO tuition_fees (student_id, semester, year, tuition_amount, other_fees, total_amount, due_date) VALUES ('S2020049', 'Spring', 2022, 20000, 1190.04, 21190.04, '2022-3-01');
INSERT INTO tuition_fees (student_id, semester, year, tuition_amount, other_fees, total_amount, due_date) VALUES ('S2020002', 'Fall', 2024, 20000, 1434.17, 21434.17, '2024-9-01');
INSERT INTO tuition_fees (student_id, semester, year, tuition_amount, other_fees, total_amount, due_date) VALUES ('S2020034', 'Fall', 2024, 18000, 868.52, 18868.52, '2024-9-01');

-- Insert data into student_scholarships
INSERT INTO student_scholarships (student_id, scholarship_name, amount, award_date, academic_year) VALUES ('S2020001', '校级奖学金', 8000, '2022-05-29', '2023-2023');
INSERT INTO student_scholarships (student_id, scholarship_name, amount, award_date, academic_year) VALUES ('S2020015', '学业进步奖', 8000, '2024-04-14', '2023-2023');
INSERT INTO student_scholarships (student_id, scholarship_name, amount, award_date, academic_year) VALUES ('S2020023', '优秀学生奖学金', 3000, '2023-10-03', '2023-2023');
INSERT INTO student_scholarships (student_id, scholarship_name, amount, award_date, academic_year) VALUES ('S2020035', '科研创新奖', 8000, '2023-02-18', '2023-2024');
INSERT INTO student_scholarships (student_id, scholarship_name, amount, award_date, academic_year) VALUES ('S2020026', '校级奖学金', 10000, '2023-09-10', '2022-2023');
INSERT INTO student_scholarships (student_id, scholarship_name, amount, award_date, academic_year) VALUES ('S2020011', '优秀学生奖学金', 10000, '2024-09-16', '2022-2024');
INSERT INTO student_scholarships (student_id, scholarship_name, amount, award_date, academic_year) VALUES ('S2020031', '国家奖学金', 8000, '2022-10-20', '2022-2024');
INSERT INTO student_scholarships (student_id, scholarship_name, amount, award_date, academic_year) VALUES ('S2020008', '科研创新奖', 10000, '2023-12-08', '2022-2024');
INSERT INTO student_scholarships (student_id, scholarship_name, amount, award_date, academic_year) VALUES ('S2020045', '国家奖学金', 5000, '2022-05-08', '2023-2024');
INSERT INTO student_scholarships (student_id, scholarship_name, amount, award_date, academic_year) VALUES ('S2020010', '校级奖学金', 8000, '2024-03-23', '2023-2023');
INSERT INTO student_scholarships (student_id, scholarship_name, amount, award_date, academic_year) VALUES ('S2020015', '优秀学生奖学金', 3000, '2024-08-04', '2023-2023');
INSERT INTO student_scholarships (student_id, scholarship_name, amount, award_date, academic_year) VALUES ('S2020042', '校级奖学金', 5000, '2023-07-25', '2023-2024');
INSERT INTO student_scholarships (student_id, scholarship_name, amount, award_date, academic_year) VALUES ('S2020034', '科研创新奖', 8000, '2023-06-22', '2023-2023');
INSERT INTO student_scholarships (student_id, scholarship_name, amount, award_date, academic_year) VALUES ('S2020029', '校级奖学金', 3000, '2024-05-03', '2023-2023');
INSERT INTO student_scholarships (student_id, scholarship_name, amount, award_date, academic_year) VALUES ('S2020037', '学业进步奖', 10000, '2024-07-21', '2023-2023');
INSERT INTO student_scholarships (student_id, scholarship_name, amount, award_date, academic_year) VALUES ('S2020010', '国家奖学金', 5000, '2023-10-06', '2023-2024');
INSERT INTO student_scholarships (student_id, scholarship_name, amount, award_date, academic_year) VALUES ('S2020048', '优秀学生奖学金', 5000, '2024-03-31', '2022-2023');
INSERT INTO student_scholarships (student_id, scholarship_name, amount, award_date, academic_year) VALUES ('S2020023', '校级奖学金', 5000, '2023-09-01', '2023-2024');
INSERT INTO student_scholarships (student_id, scholarship_name, amount, award_date, academic_year) VALUES ('S2020026', '学业进步奖', 8000, '2022-02-06', '2022-2024');
INSERT INTO student_scholarships (student_id, scholarship_name, amount, award_date, academic_year) VALUES ('S2020046', '校级奖学金', 3000, '2022-06-19', '2023-2023');
INSERT INTO student_scholarships (student_id, scholarship_name, amount, award_date, academic_year) VALUES ('S2020037', '学业进步奖', 10000, '2023-01-09', '2022-2024');
INSERT INTO student_scholarships (student_id, scholarship_name, amount, award_date, academic_year) VALUES ('S2020046', '学业进步奖', 3000, '2023-04-12', '2023-2024');
INSERT INTO student_scholarships (student_id, scholarship_name, amount, award_date, academic_year) VALUES ('S2020038', '学业进步奖', 8000, '2024-09-20', '2023-2024');
INSERT INTO student_scholarships (student_id, scholarship_name, amount, award_date, academic_year) VALUES ('S2020045', '优秀学生奖学金', 8000, '2024-11-05', '2023-2024');
INSERT INTO student_scholarships (student_id, scholarship_name, amount, award_date, academic_year) VALUES ('S2020031', '校级奖学金', 8000, '2024-05-24', '2023-2024');
INSERT INTO student_scholarships (student_id, scholarship_name, amount, award_date, academic_year) VALUES ('S2020009', '学业进步奖', 5000, '2022-09-29', '2022-2024');
INSERT INTO student_scholarships (student_id, scholarship_name, amount, award_date, academic_year) VALUES ('S2020028', '学业进步奖', 10000, '2023-06-11', '2023-2024');
INSERT INTO student_scholarships (student_id, scholarship_name, amount, award_date, academic_year) VALUES ('S2020030', '科研创新奖', 8000, '2024-01-11', '2022-2023');
INSERT INTO student_scholarships (student_id, scholarship_name, amount, award_date, academic_year) VALUES ('S2020033', '科研创新奖', 8000, '2024-02-22', '2022-2023');
INSERT INTO student_scholarships (student_id, scholarship_name, amount, award_date, academic_year) VALUES ('S2020028', '学业进步奖', 10000, '2023-09-21', '2022-2024');
INSERT INTO student_scholarships (student_id, scholarship_name, amount, award_date, academic_year) VALUES ('S2020023', '科研创新奖', 3000, '2022-08-21', '2023-2023');
INSERT INTO student_scholarships (student_id, scholarship_name, amount, award_date, academic_year) VALUES ('S2020047', '国家奖学金', 5000, '2022-12-28', '2022-2023');
INSERT INTO student_scholarships (student_id, scholarship_name, amount, award_date, academic_year) VALUES ('S2020013', '优秀学生奖学金', 8000, '2024-07-17', '2023-2023');
INSERT INTO student_scholarships (student_id, scholarship_name, amount, award_date, academic_year) VALUES ('S2020033', '科研创新奖', 10000, '2023-06-18', '2022-2023');
INSERT INTO student_scholarships (student_id, scholarship_name, amount, award_date, academic_year) VALUES ('S2020023', '校级奖学金', 10000, '2022-11-11', '2023-2024');

-- Insert data into section_instructors
INSERT INTO section_instructors (section_id, faculty_id, role) VALUES ('SEC0026', 'F028', 'Assistant');
INSERT INTO section_instructors (section_id, faculty_id, role) VALUES ('SEC0035', 'F008', 'Primary');
INSERT INTO section_instructors (section_id, faculty_id, role) VALUES ('SEC0023', 'F013', 'Assistant');
INSERT INTO section_instructors (section_id, faculty_id, role) VALUES ('SEC0024', 'F017', 'Guest');
INSERT INTO section_instructors (section_id, faculty_id, role) VALUES ('SEC0032', 'F028', 'Assistant');
INSERT INTO section_instructors (section_id, faculty_id, role) VALUES ('SEC0030', 'F004', 'Primary');
INSERT INTO section_instructors (section_id, faculty_id, role) VALUES ('SEC0021', 'F019', 'Primary');
INSERT INTO section_instructors (section_id, faculty_id, role) VALUES ('SEC0022', 'F012', 'Assistant');
INSERT INTO section_instructors (section_id, faculty_id, role) VALUES ('SEC0012', 'F010', 'Primary');
INSERT INTO section_instructors (section_id, faculty_id, role) VALUES ('SEC0004', 'F009', 'Primary');
INSERT INTO section_instructors (section_id, faculty_id, role) VALUES ('SEC0010', 'F006', 'Primary');
INSERT INTO section_instructors (section_id, faculty_id, role) VALUES ('SEC0030', 'F025', 'Guest');
INSERT INTO section_instructors (section_id, faculty_id, role) VALUES ('SEC0015', 'F028', 'Primary');
INSERT INTO section_instructors (section_id, faculty_id, role) VALUES ('SEC0035', 'F009', 'Assistant');
INSERT INTO section_instructors (section_id, faculty_id, role) VALUES ('SEC0018', 'F016', 'Primary');
INSERT INTO section_instructors (section_id, faculty_id, role) VALUES ('SEC0024', 'F003', 'Primary');
INSERT INTO section_instructors (section_id, faculty_id, role) VALUES ('SEC0010', 'F012', 'Guest');
INSERT INTO section_instructors (section_id, faculty_id, role) VALUES ('SEC0011', 'F027', 'Guest');
INSERT INTO section_instructors (section_id, faculty_id, role) VALUES ('SEC0020', 'F014', 'Guest');
INSERT INTO section_instructors (section_id, faculty_id, role) VALUES ('SEC0028', 'F017', 'Primary');
INSERT INTO section_instructors (section_id, faculty_id, role) VALUES ('SEC0021', 'F002', 'Primary');
INSERT INTO section_instructors (section_id, faculty_id, role) VALUES ('SEC0034', 'F026', 'Guest');
INSERT INTO section_instructors (section_id, faculty_id, role) VALUES ('SEC0012', 'F010', 'Primary');
INSERT INTO section_instructors (section_id, faculty_id, role) VALUES ('SEC0029', 'F004', 'Guest');
INSERT INTO section_instructors (section_id, faculty_id, role) VALUES ('SEC0029', 'F012', 'Assistant');
INSERT INTO section_instructors (section_id, faculty_id, role) VALUES ('SEC0007', 'F013', 'Primary');
INSERT INTO section_instructors (section_id, faculty_id, role) VALUES ('SEC0035', 'F025', 'Guest');
INSERT INTO section_instructors (section_id, faculty_id, role) VALUES ('SEC0009', 'F030', 'Primary');
INSERT INTO section_instructors (section_id, faculty_id, role) VALUES ('SEC0014', 'F010', 'Guest');
INSERT INTO section_instructors (section_id, faculty_id, role) VALUES ('SEC0022', 'F018', 'Guest');
INSERT INTO section_instructors (section_id, faculty_id, role) VALUES ('SEC0010', 'F013', 'Guest');
INSERT INTO section_instructors (section_id, faculty_id, role) VALUES ('SEC0004', 'F015', 'Guest');
INSERT INTO section_instructors (section_id, faculty_id, role) VALUES ('SEC0032', 'F021', 'Primary');
INSERT INTO section_instructors (section_id, faculty_id, role) VALUES ('SEC0031', 'F026', 'Assistant');
INSERT INTO section_instructors (section_id, faculty_id, role) VALUES ('SEC0025', 'F025', 'Guest');
INSERT INTO section_instructors (section_id, faculty_id, role) VALUES ('SEC0032', 'F030', 'Guest');
INSERT INTO section_instructors (section_id, faculty_id, role) VALUES ('SEC0026', 'F029', 'Guest');
INSERT INTO section_instructors (section_id, faculty_id, role) VALUES ('SEC0014', 'F018', 'Assistant');
INSERT INTO section_instructors (section_id, faculty_id, role) VALUES ('SEC0019', 'F016', 'Guest');
INSERT INTO section_instructors (section_id, faculty_id, role) VALUES ('SEC0013', 'F024', 'Guest');

-- Insert data into rooms
INSERT INTO rooms (room_id, building, room_number, capacity, room_type, equipment) VALUES ('R001', 'D', '400', 200, 'Lab', 'Lab Equipment');
INSERT INTO rooms (room_id, building, room_number, capacity, room_type, equipment) VALUES ('R002', 'C', '695', 60, 'Office', 'Lab Equipment');
INSERT INTO rooms (room_id, building, room_number, capacity, room_type, equipment) VALUES ('R003', 'B', '242', 100, 'Lab', 'Lab Equipment');
INSERT INTO rooms (room_id, building, room_number, capacity, room_type, equipment) VALUES ('R004', 'D', '138', 200, 'Lecture Hall', 'Projector, Whiteboard');
INSERT INTO rooms (room_id, building, room_number, capacity, room_type, equipment) VALUES ('R005', 'D', '961', 200, 'Office', 'Lab Equipment');
INSERT INTO rooms (room_id, building, room_number, capacity, room_type, equipment) VALUES ('R006', 'A', '182', 200, 'Classroom', 'Projector, Whiteboard');
INSERT INTO rooms (room_id, building, room_number, capacity, room_type, equipment) VALUES ('R007', 'E', '736', 100, 'Office', 'Lab Equipment');
INSERT INTO rooms (room_id, building, room_number, capacity, room_type, equipment) VALUES ('R008', 'C', '382', 40, 'Classroom', 'Projector, Whiteboard');
INSERT INTO rooms (room_id, building, room_number, capacity, room_type, equipment) VALUES ('R009', 'C', '626', 30, 'Lecture Hall', 'Projector, Whiteboard');
INSERT INTO rooms (room_id, building, room_number, capacity, room_type, equipment) VALUES ('R010', 'C', '108', 200, 'Classroom', 'Projector, Whiteboard');
INSERT INTO rooms (room_id, building, room_number, capacity, room_type, equipment) VALUES ('R011', 'D', '433', 30, 'Study Room', 'Lab Equipment');
INSERT INTO rooms (room_id, building, room_number, capacity, room_type, equipment) VALUES ('R012', 'B', '347', 50, 'Lab', 'Lab Equipment');
INSERT INTO rooms (room_id, building, room_number, capacity, room_type, equipment) VALUES ('R013', 'A', '973', 100, 'Study Room', 'Lab Equipment');
INSERT INTO rooms (room_id, building, room_number, capacity, room_type, equipment) VALUES ('R014', 'C', '251', 200, 'Lab', 'Lab Equipment');
INSERT INTO rooms (room_id, building, room_number, capacity, room_type, equipment) VALUES ('R015', 'B', '335', 60, 'Classroom', 'Projector, Whiteboard');
INSERT INTO rooms (room_id, building, room_number, capacity, room_type, equipment) VALUES ('R016', 'A', '372', 40, 'Study Room', 'Lab Equipment');
INSERT INTO rooms (room_id, building, room_number, capacity, room_type, equipment) VALUES ('R017', 'A', '745', 100, 'Study Room', 'Lab Equipment');
INSERT INTO rooms (room_id, building, room_number, capacity, room_type, equipment) VALUES ('R018', 'B', '390', 100, 'Study Room', 'Lab Equipment');
INSERT INTO rooms (room_id, building, room_number, capacity, room_type, equipment) VALUES ('R019', 'C', '697', 40, 'Classroom', 'Projector, Whiteboard');
INSERT INTO rooms (room_id, building, room_number, capacity, room_type, equipment) VALUES ('R020', 'A', '155', 40, 'Office', 'Lab Equipment');
INSERT INTO rooms (room_id, building, room_number, capacity, room_type, equipment) VALUES ('R021', 'D', '760', 30, 'Office', 'Lab Equipment');
INSERT INTO rooms (room_id, building, room_number, capacity, room_type, equipment) VALUES ('R022', 'A', '136', 100, 'Classroom', 'Projector, Whiteboard');
INSERT INTO rooms (room_id, building, room_number, capacity, room_type, equipment) VALUES ('R023', 'A', '945', 60, 'Lecture Hall', 'Projector, Whiteboard');
INSERT INTO rooms (room_id, building, room_number, capacity, room_type, equipment) VALUES ('R024', 'E', '726', 200, 'Lab', 'Lab Equipment');
INSERT INTO rooms (room_id, building, room_number, capacity, room_type, equipment) VALUES ('R025', 'B', '736', 60, 'Study Room', 'Lab Equipment');
INSERT INTO rooms (room_id, building, room_number, capacity, room_type, equipment) VALUES ('R026', 'C', '174', 50, 'Study Room', 'Lab Equipment');
INSERT INTO rooms (room_id, building, room_number, capacity, room_type, equipment) VALUES ('R027', 'A', '740', 100, 'Lecture Hall', 'Projector, Whiteboard');
INSERT INTO rooms (room_id, building, room_number, capacity, room_type, equipment) VALUES ('R028', 'A', '390', 100, 'Office', 'Lab Equipment');
INSERT INTO rooms (room_id, building, room_number, capacity, room_type, equipment) VALUES ('R029', 'A', '285', 30, 'Study Room', 'Lab Equipment');
INSERT INTO rooms (room_id, building, room_number, capacity, room_type, equipment) VALUES ('R030', 'E', '476', 200, 'Lecture Hall', 'Projector, Whiteboard');

-- Insert data into clinical_rotations
INSERT INTO clinical_rotations (rotation_id, rotation_name, department, duration_weeks, required_hours, description) VALUES ('ROT001', '内科轮转', '儿科', 12, 480, '内科轮转临床实习');
INSERT INTO clinical_rotations (rotation_id, rotation_name, department, duration_weeks, required_hours, description) VALUES ('ROT002', '外科轮转', '内科', 4, 160, '外科轮转临床实习');
INSERT INTO clinical_rotations (rotation_id, rotation_name, department, duration_weeks, required_hours, description) VALUES ('ROT003', '儿科轮转', '儿科', 8, 320, '儿科轮转临床实习');
INSERT INTO clinical_rotations (rotation_id, rotation_name, department, duration_weeks, required_hours, description) VALUES ('ROT004', '妇产科轮转', '内科', 12, 480, '妇产科轮转临床实习');
INSERT INTO clinical_rotations (rotation_id, rotation_name, department, duration_weeks, required_hours, description) VALUES ('ROT005', '急诊轮转', '外科', 4, 160, '急诊轮转临床实习');
INSERT INTO clinical_rotations (rotation_id, rotation_name, department, duration_weeks, required_hours, description) VALUES ('ROT006', '影像科轮转', '妇产科', 4, 160, '影像科轮转临床实习');
INSERT INTO clinical_rotations (rotation_id, rotation_name, department, duration_weeks, required_hours, description) VALUES ('ROT007', '检验科轮转', '外科', 12, 480, '检验科轮转临床实习');
INSERT INTO clinical_rotations (rotation_id, rotation_name, department, duration_weeks, required_hours, description) VALUES ('ROT008', '病理科轮转', '急诊科', 4, 160, '病理科轮转临床实习');

-- Insert data into student_clinical_assignments
INSERT INTO student_clinical_assignments (student_id, rotation_id, hospital_name, start_date, end_date, supervisor_name) VALUES ('S2020024', 'ROT002', '北京协和医院', '2023-03-02', '2024-11-21', '林明娜');
INSERT INTO student_clinical_assignments (student_id, rotation_id, hospital_name, start_date, end_date, supervisor_name) VALUES ('S2020009', 'ROT008', '北京协和医院', '2024-04-10', '2024-07-11', '胡伟强');
INSERT INTO student_clinical_assignments (student_id, rotation_id, hospital_name, start_date, end_date, supervisor_name) VALUES ('S2020039', 'ROT005', '广州中山医院', '2024-06-23', '2024-03-20', '孙霞');
INSERT INTO student_clinical_assignments (student_id, rotation_id, hospital_name, start_date, end_date, supervisor_name) VALUES ('S2020002', 'ROT007', '深圳人民医院', '2023-05-23', '2025-11-04', '徐明');
INSERT INTO student_clinical_assignments (student_id, rotation_id, hospital_name, start_date, end_date, supervisor_name) VALUES ('S2020041', 'ROT008', '北京协和医院', '2024-05-04', '2024-04-10', '刘静');
INSERT INTO student_clinical_assignments (student_id, rotation_id, hospital_name, start_date, end_date, supervisor_name) VALUES ('S2020038', 'ROT005', '北京协和医院', '2024-05-21', '2025-01-29', '杨霞');
INSERT INTO student_clinical_assignments (student_id, rotation_id, hospital_name, start_date, end_date, supervisor_name) VALUES ('S2020023', 'ROT005', '上海瑞金医院', '2024-03-26', '2024-10-06', '王勇');
INSERT INTO student_clinical_assignments (student_id, rotation_id, hospital_name, start_date, end_date, supervisor_name) VALUES ('S2020010', 'ROT002', '上海瑞金医院', '2024-06-07', '2024-12-10', '李涛');
INSERT INTO student_clinical_assignments (student_id, rotation_id, hospital_name, start_date, end_date, supervisor_name) VALUES ('S2020004', 'ROT001', '广州中山医院', '2023-01-30', '2024-02-20', '王明杰');
INSERT INTO student_clinical_assignments (student_id, rotation_id, hospital_name, start_date, end_date, supervisor_name) VALUES ('S2020007', 'ROT004', '北京协和医院', '2023-12-09', '2024-09-14', '赵静秀英');
INSERT INTO student_clinical_assignments (student_id, rotation_id, hospital_name, start_date, end_date, supervisor_name) VALUES ('S2020037', 'ROT001', '广州中山医院', '2024-03-19', '2025-07-14', '刘勇磊');
INSERT INTO student_clinical_assignments (student_id, rotation_id, hospital_name, start_date, end_date, supervisor_name) VALUES ('S2020033', 'ROT001', '深圳人民医院', '2024-11-22', '2024-12-04', '王涛');
INSERT INTO student_clinical_assignments (student_id, rotation_id, hospital_name, start_date, end_date, supervisor_name) VALUES ('S2020049', 'ROT007', '北京协和医院', '2024-09-26', '2025-03-31', '陈军');
INSERT INTO student_clinical_assignments (student_id, rotation_id, hospital_name, start_date, end_date, supervisor_name) VALUES ('S2020034', 'ROT001', '上海瑞金医院', '2023-06-09', '2024-05-07', '马艳明');
INSERT INTO student_clinical_assignments (student_id, rotation_id, hospital_name, start_date, end_date, supervisor_name) VALUES ('S2020030', 'ROT005', '上海瑞金医院', '2024-11-23', '2025-12-13', '何丽');
INSERT INTO student_clinical_assignments (student_id, rotation_id, hospital_name, start_date, end_date, supervisor_name) VALUES ('S2020031', 'ROT005', '广州中山医院', '2024-09-07', '2024-11-25', '罗丽');
INSERT INTO student_clinical_assignments (student_id, rotation_id, hospital_name, start_date, end_date, supervisor_name) VALUES ('S2020043', 'ROT002', '上海瑞金医院', '2023-04-20', '2025-11-29', '李芳');
INSERT INTO student_clinical_assignments (student_id, rotation_id, hospital_name, start_date, end_date, supervisor_name) VALUES ('S2020023', 'ROT001', '北京协和医院', '2023-05-15', '2025-01-08', '刘丽');
INSERT INTO student_clinical_assignments (student_id, rotation_id, hospital_name, start_date, end_date, supervisor_name) VALUES ('S2020033', 'ROT007', '广州中山医院', '2023-12-16', '2025-01-16', '孙强丽');
INSERT INTO student_clinical_assignments (student_id, rotation_id, hospital_name, start_date, end_date, supervisor_name) VALUES ('S2020008', 'ROT007', '北京协和医院', '2023-11-01', '2024-03-18', '何军洋');
INSERT INTO student_clinical_assignments (student_id, rotation_id, hospital_name, start_date, end_date, supervisor_name) VALUES ('S2020026', 'ROT008', '上海瑞金医院', '2023-03-13', '2025-07-08', '吴洋勇');
INSERT INTO student_clinical_assignments (student_id, rotation_id, hospital_name, start_date, end_date, supervisor_name) VALUES ('S2020024', 'ROT002', '深圳人民医院', '2024-09-01', '2024-05-14', '周勇');
INSERT INTO student_clinical_assignments (student_id, rotation_id, hospital_name, start_date, end_date, supervisor_name) VALUES ('S2020023', 'ROT001', '深圳人民医院', '2023-05-15', '2024-08-30', '陈平');
INSERT INTO student_clinical_assignments (student_id, rotation_id, hospital_name, start_date, end_date, supervisor_name) VALUES ('S2020040', 'ROT005', '深圳人民医院', '2024-10-08', '2025-10-15', '黄涛丽');
INSERT INTO student_clinical_assignments (student_id, rotation_id, hospital_name, start_date, end_date, supervisor_name) VALUES ('S2020038', 'ROT005', '北京协和医院', '2023-06-03', '2024-03-26', '胡超');
INSERT INTO student_clinical_assignments (student_id, rotation_id, hospital_name, start_date, end_date, supervisor_name) VALUES ('S2020017', 'ROT008', '北京协和医院', '2024-09-13', '2025-09-12', '高军');
INSERT INTO student_clinical_assignments (student_id, rotation_id, hospital_name, start_date, end_date, supervisor_name) VALUES ('S2020009', 'ROT008', '上海瑞金医院', '2023-01-20', '2025-08-27', '马芳勇');
INSERT INTO student_clinical_assignments (student_id, rotation_id, hospital_name, start_date, end_date, supervisor_name) VALUES ('S2020004', 'ROT002', '上海瑞金医院', '2023-07-15', '2025-10-06', '高秀英霞');
INSERT INTO student_clinical_assignments (student_id, rotation_id, hospital_name, start_date, end_date, supervisor_name) VALUES ('S2020049', 'ROT004', '深圳人民医院', '2024-07-20', '2024-03-12', '高军丽');
INSERT INTO student_clinical_assignments (student_id, rotation_id, hospital_name, start_date, end_date, supervisor_name) VALUES ('S2020044', 'ROT005', '广州中山医院', '2023-04-11', '2024-05-10', '刘明秀兰');
INSERT INTO student_clinical_assignments (student_id, rotation_id, hospital_name, start_date, end_date, supervisor_name) VALUES ('S2020007', 'ROT002', '广州中山医院', '2024-03-14', '2024-04-10', '赵秀英');
INSERT INTO student_clinical_assignments (student_id, rotation_id, hospital_name, start_date, end_date, supervisor_name) VALUES ('S2020018', 'ROT004', '上海瑞金医院', '2024-03-17', '2025-03-22', '陈明秀兰');
INSERT INTO student_clinical_assignments (student_id, rotation_id, hospital_name, start_date, end_date, supervisor_name) VALUES ('S2020040', 'ROT001', '广州中山医院', '2024-06-05', '2024-01-13', '刘艳');
INSERT INTO student_clinical_assignments (student_id, rotation_id, hospital_name, start_date, end_date, supervisor_name) VALUES ('S2020019', 'ROT007', '北京协和医院', '2023-11-08', '2025-01-29', '孙军');
INSERT INTO student_clinical_assignments (student_id, rotation_id, hospital_name, start_date, end_date, supervisor_name) VALUES ('S2020009', 'ROT005', '上海瑞金医院', '2024-09-06', '2025-06-23', '陈明平');

-- Insert data into assignments
INSERT INTO assignments (assignment_id, section_id, assignment_name, description, due_date, total_points, weight_percentage) VALUES ('A0001', 'SEC0002', 'Assignment 1', 'Complete assignment 1', '2023-11-29', 150, 0.2);
INSERT INTO assignments (assignment_id, section_id, assignment_name, description, due_date, total_points, weight_percentage) VALUES ('A0002', 'SEC0015', 'Assignment 2', 'Complete assignment 2', '2023-03-14', 50, 0.15);
INSERT INTO assignments (assignment_id, section_id, assignment_name, description, due_date, total_points, weight_percentage) VALUES ('A0003', 'SEC0009', 'Assignment 3', 'Complete assignment 3', '2023-02-26', 100, 0.1);
INSERT INTO assignments (assignment_id, section_id, assignment_name, description, due_date, total_points, weight_percentage) VALUES ('A0004', 'SEC0028', 'Assignment 4', 'Complete assignment 4', '2023-05-28', 50, 0.1);
INSERT INTO assignments (assignment_id, section_id, assignment_name, description, due_date, total_points, weight_percentage) VALUES ('A0005', 'SEC0012', 'Assignment 5', 'Complete assignment 5', '2023-07-09', 50, 0.1);
INSERT INTO assignments (assignment_id, section_id, assignment_name, description, due_date, total_points, weight_percentage) VALUES ('A0006', 'SEC0023', 'Assignment 6', 'Complete assignment 6', '2023-01-06', 100, 0.15);
INSERT INTO assignments (assignment_id, section_id, assignment_name, description, due_date, total_points, weight_percentage) VALUES ('A0007', 'SEC0017', 'Assignment 7', 'Complete assignment 7', '2024-04-03', 100, 0.1);
INSERT INTO assignments (assignment_id, section_id, assignment_name, description, due_date, total_points, weight_percentage) VALUES ('A0008', 'SEC0025', 'Assignment 8', 'Complete assignment 8', '2023-03-28', 150, 0.1);
INSERT INTO assignments (assignment_id, section_id, assignment_name, description, due_date, total_points, weight_percentage) VALUES ('A0009', 'SEC0029', 'Assignment 9', 'Complete assignment 9', '2024-10-06', 100, 0.1);
INSERT INTO assignments (assignment_id, section_id, assignment_name, description, due_date, total_points, weight_percentage) VALUES ('A0010', 'SEC0026', 'Assignment 10', 'Complete assignment 10', '2024-02-17', 150, 0.15);
INSERT INTO assignments (assignment_id, section_id, assignment_name, description, due_date, total_points, weight_percentage) VALUES ('A0011', 'SEC0003', 'Assignment 11', 'Complete assignment 11', '2024-11-18', 100, 0.1);
INSERT INTO assignments (assignment_id, section_id, assignment_name, description, due_date, total_points, weight_percentage) VALUES ('A0012', 'SEC0028', 'Assignment 12', 'Complete assignment 12', '2024-09-13', 50, 0.2);
INSERT INTO assignments (assignment_id, section_id, assignment_name, description, due_date, total_points, weight_percentage) VALUES ('A0013', 'SEC0006', 'Assignment 13', 'Complete assignment 13', '2023-09-25', 150, 0.1);
INSERT INTO assignments (assignment_id, section_id, assignment_name, description, due_date, total_points, weight_percentage) VALUES ('A0014', 'SEC0021', 'Assignment 14', 'Complete assignment 14', '2023-05-05', 50, 0.1);
INSERT INTO assignments (assignment_id, section_id, assignment_name, description, due_date, total_points, weight_percentage) VALUES ('A0015', 'SEC0011', 'Assignment 15', 'Complete assignment 15', '2024-03-04', 100, 0.2);
INSERT INTO assignments (assignment_id, section_id, assignment_name, description, due_date, total_points, weight_percentage) VALUES ('A0016', 'SEC0015', 'Assignment 16', 'Complete assignment 16', '2023-12-05', 50, 0.1);
INSERT INTO assignments (assignment_id, section_id, assignment_name, description, due_date, total_points, weight_percentage) VALUES ('A0017', 'SEC0002', 'Assignment 17', 'Complete assignment 17', '2023-02-06', 50, 0.2);
INSERT INTO assignments (assignment_id, section_id, assignment_name, description, due_date, total_points, weight_percentage) VALUES ('A0018', 'SEC0030', 'Assignment 18', 'Complete assignment 18', '2024-08-08', 50, 0.2);
INSERT INTO assignments (assignment_id, section_id, assignment_name, description, due_date, total_points, weight_percentage) VALUES ('A0019', 'SEC0015', 'Assignment 19', 'Complete assignment 19', '2024-03-14', 100, 0.15);
INSERT INTO assignments (assignment_id, section_id, assignment_name, description, due_date, total_points, weight_percentage) VALUES ('A0020', 'SEC0002', 'Assignment 20', 'Complete assignment 20', '2024-12-17', 50, 0.1);
INSERT INTO assignments (assignment_id, section_id, assignment_name, description, due_date, total_points, weight_percentage) VALUES ('A0021', 'SEC0035', 'Assignment 21', 'Complete assignment 21', '2023-10-15', 100, 0.1);
INSERT INTO assignments (assignment_id, section_id, assignment_name, description, due_date, total_points, weight_percentage) VALUES ('A0022', 'SEC0029', 'Assignment 22', 'Complete assignment 22', '2024-12-01', 100, 0.15);
INSERT INTO assignments (assignment_id, section_id, assignment_name, description, due_date, total_points, weight_percentage) VALUES ('A0023', 'SEC0021', 'Assignment 23', 'Complete assignment 23', '2024-10-06', 150, 0.15);
INSERT INTO assignments (assignment_id, section_id, assignment_name, description, due_date, total_points, weight_percentage) VALUES ('A0024', 'SEC0002', 'Assignment 24', 'Complete assignment 24', '2023-08-04', 100, 0.2);
INSERT INTO assignments (assignment_id, section_id, assignment_name, description, due_date, total_points, weight_percentage) VALUES ('A0025', 'SEC0003', 'Assignment 25', 'Complete assignment 25', '2023-01-05', 100, 0.1);
INSERT INTO assignments (assignment_id, section_id, assignment_name, description, due_date, total_points, weight_percentage) VALUES ('A0026', 'SEC0032', 'Assignment 26', 'Complete assignment 26', '2024-05-27', 50, 0.2);
INSERT INTO assignments (assignment_id, section_id, assignment_name, description, due_date, total_points, weight_percentage) VALUES ('A0027', 'SEC0031', 'Assignment 27', 'Complete assignment 27', '2024-04-07', 100, 0.2);
INSERT INTO assignments (assignment_id, section_id, assignment_name, description, due_date, total_points, weight_percentage) VALUES ('A0028', 'SEC0005', 'Assignment 28', 'Complete assignment 28', '2024-09-13', 50, 0.1);
INSERT INTO assignments (assignment_id, section_id, assignment_name, description, due_date, total_points, weight_percentage) VALUES ('A0029', 'SEC0027', 'Assignment 29', 'Complete assignment 29', '2023-08-11', 100, 0.15);
INSERT INTO assignments (assignment_id, section_id, assignment_name, description, due_date, total_points, weight_percentage) VALUES ('A0030', 'SEC0011', 'Assignment 30', 'Complete assignment 30', '2023-03-14', 50, 0.15);

-- Insert data into student_advisor_assignments
INSERT INTO student_advisor_assignments (student_id, advisor_id, assignment_date, end_date) VALUES ('S2020000', 'F017', '2022-03-21', NULL);
INSERT INTO student_advisor_assignments (student_id, advisor_id, assignment_date, end_date) VALUES ('S2020001', 'F009', '2020-10-16', NULL);
INSERT INTO student_advisor_assignments (student_id, advisor_id, assignment_date, end_date) VALUES ('S2020002', 'F005', '2023-01-10', NULL);
INSERT INTO student_advisor_assignments (student_id, advisor_id, assignment_date, end_date) VALUES ('S2020003', 'F002', '2022-04-08', NULL);
INSERT INTO student_advisor_assignments (student_id, advisor_id, assignment_date, end_date) VALUES ('S2020004', 'F023', '2021-04-12', NULL);
INSERT INTO student_advisor_assignments (student_id, advisor_id, assignment_date, end_date) VALUES ('S2020005', 'F026', '2020-11-05', NULL);
INSERT INTO student_advisor_assignments (student_id, advisor_id, assignment_date, end_date) VALUES ('S2020006', 'F008', '2022-02-03', NULL);
INSERT INTO student_advisor_assignments (student_id, advisor_id, assignment_date, end_date) VALUES ('S2020007', 'F028', '2023-04-10', NULL);
INSERT INTO student_advisor_assignments (student_id, advisor_id, assignment_date, end_date) VALUES ('S2020008', 'F028', '2023-12-15', NULL);
INSERT INTO student_advisor_assignments (student_id, advisor_id, assignment_date, end_date) VALUES ('S2020009', 'F020', '2021-01-09', NULL);
INSERT INTO student_advisor_assignments (student_id, advisor_id, assignment_date, end_date) VALUES ('S2020010', 'F021', '2021-04-21', NULL);
INSERT INTO student_advisor_assignments (student_id, advisor_id, assignment_date, end_date) VALUES ('S2020011', 'F015', '2022-12-09', NULL);
INSERT INTO student_advisor_assignments (student_id, advisor_id, assignment_date, end_date) VALUES ('S2020012', 'F014', '2020-11-03', NULL);
INSERT INTO student_advisor_assignments (student_id, advisor_id, assignment_date, end_date) VALUES ('S2020013', 'F012', '2022-09-25', NULL);
INSERT INTO student_advisor_assignments (student_id, advisor_id, assignment_date, end_date) VALUES ('S2020014', 'F020', '2021-12-05', NULL);
INSERT INTO student_advisor_assignments (student_id, advisor_id, assignment_date, end_date) VALUES ('S2020015', 'F020', '2021-12-02', NULL);
INSERT INTO student_advisor_assignments (student_id, advisor_id, assignment_date, end_date) VALUES ('S2020016', 'F002', '2022-08-20', NULL);
INSERT INTO student_advisor_assignments (student_id, advisor_id, assignment_date, end_date) VALUES ('S2020017', 'F014', '2022-07-03', NULL);
INSERT INTO student_advisor_assignments (student_id, advisor_id, assignment_date, end_date) VALUES ('S2020018', 'F002', '2021-06-14', NULL);
INSERT INTO student_advisor_assignments (student_id, advisor_id, assignment_date, end_date) VALUES ('S2020019', 'F015', '2021-12-05', NULL);
INSERT INTO student_advisor_assignments (student_id, advisor_id, assignment_date, end_date) VALUES ('S2020020', 'F013', '2020-01-20', NULL);
INSERT INTO student_advisor_assignments (student_id, advisor_id, assignment_date, end_date) VALUES ('S2020021', 'F027', '2022-08-12', NULL);
INSERT INTO student_advisor_assignments (student_id, advisor_id, assignment_date, end_date) VALUES ('S2020022', 'F011', '2021-08-31', NULL);
INSERT INTO student_advisor_assignments (student_id, advisor_id, assignment_date, end_date) VALUES ('S2020023', 'F030', '2022-11-23', NULL);
INSERT INTO student_advisor_assignments (student_id, advisor_id, assignment_date, end_date) VALUES ('S2020024', 'F025', '2020-10-27', NULL);
INSERT INTO student_advisor_assignments (student_id, advisor_id, assignment_date, end_date) VALUES ('S2020025', 'F020', '2020-04-22', NULL);
INSERT INTO student_advisor_assignments (student_id, advisor_id, assignment_date, end_date) VALUES ('S2020026', 'F021', '2022-11-20', '2024-11-19');
INSERT INTO student_advisor_assignments (student_id, advisor_id, assignment_date, end_date) VALUES ('S2020027', 'F017', '2023-10-08', NULL);
INSERT INTO student_advisor_assignments (student_id, advisor_id, assignment_date, end_date) VALUES ('S2020028', 'F005', '2021-07-27', NULL);
INSERT INTO student_advisor_assignments (student_id, advisor_id, assignment_date, end_date) VALUES ('S2020029', 'F014', '2023-04-01', NULL);
INSERT INTO student_advisor_assignments (student_id, advisor_id, assignment_date, end_date) VALUES ('S2020030', 'F001', '2022-05-04', NULL);
INSERT INTO student_advisor_assignments (student_id, advisor_id, assignment_date, end_date) VALUES ('S2020031', 'F012', '2022-08-11', NULL);
INSERT INTO student_advisor_assignments (student_id, advisor_id, assignment_date, end_date) VALUES ('S2020032', 'F009', '2020-01-16', NULL);
INSERT INTO student_advisor_assignments (student_id, advisor_id, assignment_date, end_date) VALUES ('S2020033', 'F009', '2021-06-12', NULL);
INSERT INTO student_advisor_assignments (student_id, advisor_id, assignment_date, end_date) VALUES ('S2020034', 'F008', '2020-04-30', NULL);
INSERT INTO student_advisor_assignments (student_id, advisor_id, assignment_date, end_date) VALUES ('S2020035', 'F020', '2022-06-10', NULL);
INSERT INTO student_advisor_assignments (student_id, advisor_id, assignment_date, end_date) VALUES ('S2020036', 'F002', '2020-09-11', NULL);
INSERT INTO student_advisor_assignments (student_id, advisor_id, assignment_date, end_date) VALUES ('S2020037', 'F012', '2023-12-18', NULL);
INSERT INTO student_advisor_assignments (student_id, advisor_id, assignment_date, end_date) VALUES ('S2020038', 'F014', '2021-07-03', NULL);
INSERT INTO student_advisor_assignments (student_id, advisor_id, assignment_date, end_date) VALUES ('S2020039', 'F021', '2020-08-06', NULL);
INSERT INTO student_advisor_assignments (student_id, advisor_id, assignment_date, end_date) VALUES ('S2020040', 'F028', '2021-02-22', NULL);
INSERT INTO student_advisor_assignments (student_id, advisor_id, assignment_date, end_date) VALUES ('S2020041', 'F030', '2023-09-21', NULL);
INSERT INTO student_advisor_assignments (student_id, advisor_id, assignment_date, end_date) VALUES ('S2020042', 'F025', '2021-09-01', NULL);
INSERT INTO student_advisor_assignments (student_id, advisor_id, assignment_date, end_date) VALUES ('S2020043', 'F005', '2023-05-31', NULL);
INSERT INTO student_advisor_assignments (student_id, advisor_id, assignment_date, end_date) VALUES ('S2020044', 'F008', '2022-03-09', NULL);
INSERT INTO student_advisor_assignments (student_id, advisor_id, assignment_date, end_date) VALUES ('S2020045', 'F010', '2020-07-11', NULL);
INSERT INTO student_advisor_assignments (student_id, advisor_id, assignment_date, end_date) VALUES ('S2020046', 'F028', '2022-05-17', NULL);
INSERT INTO student_advisor_assignments (student_id, advisor_id, assignment_date, end_date) VALUES ('S2020047', 'F006', '2021-12-11', '2025-01-23');
INSERT INTO student_advisor_assignments (student_id, advisor_id, assignment_date, end_date) VALUES ('S2020048', 'F023', '2020-08-06', '2025-07-08');
INSERT INTO student_advisor_assignments (student_id, advisor_id, assignment_date, end_date) VALUES ('S2020049', 'F024', '2020-02-25', NULL);
